,SHA_slope,SHA_intercept,SHA_mean,SHA_std,ORO_slope,ORO_intercept,ORO_mean,ORO_std,FOL_slope,FOL_intercept,FOL_mean,FOL_std
0,0.0,0.0,0.0,0.0,0.0,0.0,0.0,0.0,0.0,0.0,0.0,0.0
1,0.026177737439051198,5.684053244683766,5.803031069097879,1.9615098340764112,0.4302616931618304,3.7288851189108625,4.007184702936651,1.8815911379628054,0.05057942882392876,2.67167649447971,2.790838056683709,1.3911708653509536
2,0.026133359987446054,5.67780239356769,5.796578522451114,1.9616848236737376,0.43010154028392206,3.725116756065955,4.003312750857539,1.8813490927028136,0.05055796966854739,2.669784315275223,2.7888953212246683,1.391092874648012
3,0.026153917172399874,5.671246443364168,5.7901160046592945,1.9615628007094508,0.42982792720648483,3.7212442500322584,3.99926326786576,1.881333751170539,0.050560661067734235,2.6679557115833488,2.7870730582792023,1.391059799643181
4,0.026084451831054574,5.66458608747903,5.783139928777169,1.961742889265889,0.4296128137808217,3.717330881278069,3.9952107605876637,1.8812966974206613,0.050557910719164524,2.6660701194573835,2.7851809865262473,1.3910108883124348
5,0.025974239762341565,5.658159545844007,5.7762124732572016,1.961935234139726,0.42945641717044625,3.7134929178332743,3.991271637517687,1.8813812213453738,0.05054334257192808,2.664121442139097,2.7831979876819273,1.3909660915639674
6,0.025896430021162212,5.651169947696085,5.768869229812573,1.9613793106806277,0.4292637905013951,3.7096905917832648,3.987344717708294,1.8812155057770772,0.05053899126529413,2.662146365836708,2.7812126600084133,1.3909293592783794
7,0.025831907156562924,5.64490159257401,5.762307618251782,1.9614752001482272,0.4292690225643313,3.7058902790527477,3.9835477891529485,1.8811728327912478,0.05052057782851004,2.660240053736563,2.779262967151629,1.3908428070676064
8,0.02577422927259581,5.638467825395503,5.755611705073561,1.9605701108584863,0.4289012780971338,3.7021894960255075,3.979609143601865,1.8810742966257914,0.050526160236458,2.6583857069434984,2.777421772117441,1.3908738379255856
9,0.025676136550905032,5.631884636829496,5.748582685058415,1.9600627264515262,0.4289608967415457,3.6981602387001,3.975618448491508,1.8807897544961603,0.05051241887905142,2.656413111901349,2.775416803407706,1.3908082555622059
10,0.025663884625949155,5.625124048991425,5.741766412217793,1.9594395726609648,0.4287236577235336,3.6940386573002213,3.9713434174095466,1.880731724376707,0.05051097909917127,2.6543679569921106,2.773368256478753,1.3908123386941809
11,0.025601128286047336,5.618648506833695,5.735005642476619,1.9594652774115289,0.42860063999810527,3.690069486787643,3.9672946772249325,1.8807392485145535,0.05052191452155718,2.6523698123865613,2.7713958749560454,1.3909469467015332
12,0.025522513828938036,5.6120247922300015,5.72802462514208,1.9590349186831428,0.4287014692442245,3.685978555787525,3.9632689640624656,1.8807630972896843,0.0505190034355063,2.6503610985094905,2.7693803027658306,1.3909928573394519
13,0.025527848817904177,5.60480183874209,5.7208259191806,1.9588914492794554,0.42876195667708417,3.6816545848792597,3.958984117314384,1.8805735668715313,0.05051727546822099,2.6484414322639824,2.7674565655514334,1.3910306934451444
14,0.025549509150726974,5.5959711597485535,5.712093686406157,1.95805278373554,0.4288220636793249,3.6774741687644847,3.954842579291678,1.8804012997930284,0.05051363312609621,2.6465404447781773,2.765546996964817,1.3908627929676856
15,0.025479967851644157,5.588394156707428,5.704200618140104,1.9574552850628817,0.428949202581651,3.6732493077500608,3.9506999535870526,1.8799377647468822,0.050512273385351567,2.644627754012573,2.76363110274605,1.3906472801491205
16,0.025414537691428523,5.581032481606886,5.696541562942002,1.9567973030972243,0.4290757095387466,3.6691229325618346,3.946655404957162,1.8795034337028238,0.05051511232414191,2.642411574290102,2.761421611362872,1.389474064544877
17,0.02537296884658097,5.5736093888591,5.68892953978207,1.9558823111275385,0.4287165730629852,3.6649997077661993,3.9422998854130022,1.8790799069183137,0.05052935338905325,2.6400258040820765,2.759069392098022,1.3880038587845778
18,0.025329313219158062,5.5666709541326,5.681792690216003,1.9557595698997148,0.428813946841412,3.6608213443768824,3.9381845048140707,1.878929167593344,0.050528936670720254,2.6380334882557506,2.7570760945127324,1.3875427870253338
19,0.02530236487613568,5.558975017321125,5.673974273177509,1.9556874250541727,0.4287268687977382,3.6565122794668405,3.9338191165461347,1.8787177140784586,0.05053510957518032,2.636117001094833,2.75517415027877,1.3873718038685847
20,0.025296164377671387,5.551691545143223,5.666662619732252,1.9555280845856498,0.42900214672463277,3.651975204310301,3.9294600951967635,1.8785440553190509,0.050529431236491215,2.6342497560693428,2.7532935274883537,1.3872159191231286
21,0.025249214795932992,5.545014095178168,5.65977178390429,1.9555152304455952,0.4288322177989976,3.6478607823429092,3.9252357607038793,1.878444974690608,0.050523567619460856,2.6324721233827484,2.751502080534145,1.3871261488230229
22,0.025161822113109033,5.538177557617993,5.6525380465747945,1.9550124614947766,0.429002199684347,3.6435787363304764,3.92106366147206,1.8786562381816554,0.0505202182471043,2.6306588370298285,2.749680903296498,1.387029940915132
23,0.02511575685245003,5.530189338970185,5.644340461303646,1.9540989748544448,0.42885727992482797,3.639342792093605,3.9167339810057458,1.878469386735063,0.050518769046523755,2.6288285771059137,2.747847229158362,1.3868885329401626
24,0.02506816351537139,5.522681209498923,5.6366160201012665,1.9528937969666222,0.4284652353657185,3.634495498796324,3.911633107528183,1.877229345932257,0.05054215064449121,2.626277433897096,2.7453511713430636,1.386050210968188
25,0.025057343590596134,5.515453763982987,5.629339398024021,1.952059704436501,0.42837704049481096,3.6296996625350446,3.906780225528748,1.8757389089614342,0.0505467767793094,2.6238315113743083,2.742916147667192,1.385272783045472
26,0.025012965670364477,5.507241423108601,5.620925359489038,1.951304749122666,0.42852585680865113,3.6249966584177975,3.902173477989524,1.8754297698605285,0.050542314705544426,2.6218114102387595,2.740885534200981,1.385025110048586
27,0.024935407578070452,5.499327864977861,5.612659299805848,1.9495024903593559,0.4285261833117609,3.6205599086478832,3.897736939406618,1.8751695067460852,0.05053648924388371,2.619771698294275,2.738832097880239,1.384566086820192
28,0.024973712607307928,5.490870325601766,5.604375856798985,1.948530716705332,0.42890704472392616,3.615446327796301,3.8928697053115826,1.87431258275886,0.05054127853684133,2.6173585730343714,2.736430255856308,1.383267031444504
29,0.024856627111302532,5.482886258504075,5.59585963608727,1.9465437666029042,0.4285581460966722,3.6105712862494133,3.8877689910069857,1.8729437518939778,0.05054231623060279,2.6150841147864274,2.7341582423415782,1.3824311148624397
30,0.024831902892529123,5.473960027261532,5.58682103326308,1.9438365220146616,0.42866323314428534,3.6059780634216168,3.883243740025401,1.8722850410770393,0.05052992065234563,2.6128260046253704,2.7318709290735694,1.3813467025378707
31,0.10933257820308633,5.487338246341425,5.5777696356067406,1.9411986453467134,0.39910819272026726,3.5469245025114606,3.8786381597545803,1.8714934797961007,0.40799421616159626,2.5297986451241163,2.7296399540006218,1.3802596216449936
32,0.10946798843703963,5.477950912379293,5.568494302438683,1.9391932274901398,0.399439209136457,3.5422306679927953,3.8742194452861276,1.87069859963022,0.40835199102502406,2.527026482548054,2.7270430345877177,1.379360939863957
33,0.10936461615337738,5.469757766735542,5.560215655296874,1.938075696479891,0.40006906666964537,3.5371023062240146,3.869614581530383,1.8701488960290154,0.4087941896781231,2.5242366809945005,2.7244698281576194,1.3788052645383575
34,0.10966592569878594,5.461060413265713,5.551767521604331,1.9367927663305764,0.4002041275792097,3.532407671472186,3.8650322009218665,1.869554241103589,0.40902741541784277,2.521656437255574,2.7220038216682494,1.3784184943260946
35,0.10969479560446288,5.453050087256394,5.543781074531386,1.9359630436427018,0.40002573624293053,3.528537382802236,3.8610136445800007,1.8691035913511223,0.40905986873472727,2.5192280074194873,2.7195912879234965,1.3779561567325367
36,0.11050932349865503,5.444906006156834,5.536310707436175,1.9357311193419082,0.39968042309945834,3.5250166958367153,3.8572059550226885,1.868819437359686,0.40899677827550107,2.516935243059083,2.717267620968276,1.377539519777999
37,0.11079499119636879,5.436094760158854,5.527735743497916,1.9339525463850757,0.39935864991827746,3.5213205980184075,3.8532424195504342,1.8683548933746257,0.4089560661697323,2.514706468445728,2.715018904992564,1.3772112057686168
38,0.11134025447089714,5.425438485212825,5.517530467844517,1.9307294629473728,0.39931022210422584,3.516397720355971,3.8482792917312616,1.8671916782555347,0.409510769342583,2.511196525535474,2.7117806635028434,1.3768001491584083
39,0.11166104254950583,5.416043483227309,5.508400796761146,1.9288227607550705,0.3992676577537182,3.510973873819774,3.8428200683808766,1.8652291604381395,0.4097358097673467,2.5085452120835288,2.709239578017995,1.3764485140358247
40,0.11199685091929128,5.407231494098602,5.499866562149032,1.928343467208358,0.3997274728084167,3.505914014830347,3.8381423787786777,1.8647116782653201,0.40992159687762475,2.5058276703950955,2.7066130374708024,1.376175815568738
41,0.11223441353352374,5.3978044261112155,5.490635987444759,1.926933912810473,0.3987256275923387,3.5019461067824804,3.833341799924554,1.86408823361047,0.4097371519729931,2.5034276852588686,2.704122708624549,1.375857718280053
42,0.11221665285614803,5.389542045836859,5.482358916922027,1.9259888314335383,0.39873464782926443,3.497718333472247,3.8291215236685865,1.8639609039564968,0.4096790173395729,2.5010494619009855,2.7017160101050757,1.3757104637190503
43,0.11237553777031363,5.380503961542527,5.473452249848045,1.9258263947135448,0.39848274021025465,3.49334853452963,3.824542354938245,1.8640523765374633,0.4082386785397708,2.499178420302946,2.699139470292658,1.3752153985774263
44,0.11224017012346332,5.372170596297687,5.465006919033863,1.9252222341339147,0.3979351098737235,3.489486045421349,3.8202247098971585,1.8640429384306263,0.4054717280942889,2.4977450377824653,2.696350796504024,1.3744674170755748
45,0.11239660002603717,5.363875028023944,5.456840737386185,1.924618649658206,0.3976226519365906,3.4856971604091784,3.816176129476698,1.863803519405608,0.4053654519236148,2.49546727891542,2.6940209820729315,1.3743326365422173
46,0.11248712092106569,5.355267848559915,5.448308429752943,1.923466318605194,0.3973367975771701,3.481673691450846,3.811915076332592,1.8633590291934172,0.4052102376809478,2.493083144609085,2.691560821646171,1.3741417215622491
47,0.11262268855471588,5.346072293986616,5.439225006162484,1.921333379346046,0.3968063722718914,3.4781163797447214,3.8079169084347946,1.8631263456816103,0.40511926403642545,2.490632932628604,2.6890660494943086,1.3739795550145613
48,0.11190774294784223,5.3371965737167955,5.429757938596724,1.9199847601096056,0.39465179388839083,3.474599423454764,3.8026092019461593,1.86299736223081,0.40343090250503555,2.48866530186684,2.686271435493753,1.3734178813548092
49,0.1091575884427048,5.330709756696639,5.420996408067735,1.9183835824670061,0.39236409898284036,3.4713392457123415,3.7974476359145006,1.8619520601033335,0.3986631388233208,2.487534064015269,2.6828048798929953,1.3722718144661008
50,0.10553748092719802,5.321992204776052,5.409284585296707,1.9140725489976689,0.39028121669259375,3.4674085556531713,3.7917857849453136,1.8603434951080602,0.39698713327032037,2.48559006186101,2.6800399466320477,1.371682822065633
51,0.10258474483200665,5.31195107536147,5.396801182667585,1.9109917232174491,0.38837692345237024,3.463110676761724,3.7859051771430083,1.8593659988984437,0.39538045464779614,2.4833478679567214,2.6770107789272735,1.3706288340358108
52,0.10060016112709015,5.301970350105734,5.385178964414075,1.9108434208639924,0.3873421996929571,3.4580578079167914,3.7799923109120748,1.8588388882713671,0.39434177798821446,2.4808560963438784,2.67401024886902,1.3698061380898845
53,0.09837216661315153,5.292309727274576,5.373675518131002,1.9091899589318813,0.3857586743430586,3.4532048862811675,3.7738232624849375,1.8584861799415333,0.39254194247080987,2.4783288749353285,2.6706014426945295,1.3690435621620225
54,0.09724278360298538,5.2820770267864665,5.36250868002078,1.9061992714745921,0.37929325687894777,3.4514568855107073,3.7667016128850555,1.8562249876684596,0.3908960815152723,2.4758752072773613,2.6673416091779427,1.3682273006734051
55,0.09670201966341664,5.271711680222135,5.351696055663098,1.903711425210321,0.3766174786498088,3.4477153111749272,3.7607360997814205,1.8554308972845417,0.39025068164025295,2.4731452389582635,2.6642955149171934,1.3675514043484849
56,0.09634082041876423,5.26152671199159,5.341212331562784,1.900635586443948,0.37502268677587985,3.443896691821428,3.7555919896094125,1.8543066269448527,0.3900187779282927,2.4703765474269783,2.661413233684153,1.3669877854527124
57,0.09656440770372127,5.250535022180747,5.330405575731667,1.8964844846409488,0.37276660149045815,3.4402991089061388,3.750119290335377,1.8527697948835493,0.3897924621106243,2.4677102342014305,2.658636067786114,1.3661992786813448
58,0.09662168717473212,5.2403800760000365,5.320298006666041,1.8933760767093497,0.3698473045008034,3.437234382331153,3.7446282274969915,1.8515415595211562,0.3894752102573241,2.46495850281014,2.655728941972316,1.3652491227100465
59,0.09632972792326294,5.2306173052216405,5.310293749944907,1.891084976280466,0.36827016267770346,3.4332988020266657,3.7393818259874405,1.8506744504279782,0.3893127193845104,2.462250164404271,2.652941013250171,1.364590302065968
60,0.0956206086580883,5.2193692095426245,5.298459126065798,1.8901214696716928,0.36559917979059364,3.4296780165886096,3.733541087368575,1.8503423410129625,0.3891570769521228,2.459340568329634,2.6499551813217566,1.3640142882997488
61,0.07826064353353532,5.133333996314634,5.281903228771901,1.8902555101703422,0.2824248328011021,3.1395179261099266,3.723065399072369,1.851597343887256,0.23851914626662993,2.3282225488752677,2.6456801811665924,1.3643989579529525
62,0.07394930865652154,5.123038253416044,5.263422890339418,1.8901635184737449,0.28309280240679413,3.126155604123263,3.7110832389204544,1.8499441633350882,0.23888470164965409,2.321051385811534,2.6389955549204807,1.363595266542954
63,0.06759033298351937,5.114341827638246,5.2426546479716185,1.8946567827174556,0.2838127450977948,3.109675250536294,3.696090434193281,1.8527156908132567,0.24044943443299455,2.309803070880708,2.6298298248569187,1.3640922668386697
64,0.06327890744017212,5.106249640435366,5.226377693114775,1.8948775003426659,0.28394101489676843,3.097979410611997,3.684659625910522,1.8540775804003518,0.24117725459205577,2.3026236822899637,2.62361913026012,1.3646570461199274
65,0.0608789415996451,5.096587797382142,5.212159778621912,1.8951562811907905,0.2843043088195931,3.087806940370429,3.675237795223219,1.855352714663236,0.24184307995799248,2.296302965185207,2.6181845950300606,1.3648396965340452
66,0.057098569869629065,5.0887064220801825,5.197101782978326,1.8958196270328511,0.28479088950848236,3.0768892868203066,3.6653255169036574,1.855546568311122,0.24375377103910323,2.286104542885825,2.610529211627739,1.362842713037198
67,0.055157478148412965,5.076150822524413,5.180861234077273,1.8975938704785171,0.28418511658558654,3.0673414326807102,3.6545260119979495,1.8552028759712367,0.24415848993723355,2.2793406440575392,2.6043039743918452,1.3621948920921516
68,0.05355616803004702,5.063113645842943,5.164784146088278,1.895860975696825,0.2822591636503183,3.0618497896543677,3.645054956264608,1.854064657197201,0.24294823754094363,2.2751166146282715,2.598469156620364,1.3610080157538234
69,0.050335963639218606,5.051588239261147,5.147145535307034,1.8933293162051503,0.279736621653093,3.0584042106760227,3.6363972895483596,1.852772972335154,0.2416274042888237,2.271684030764654,2.593278606558088,1.3595422341440468
70,0.051222724570314127,5.029860215678629,5.127100929914777,1.888635752584135,0.27883013994705835,3.050572390978186,3.6266924932301703,1.8493230358607535,0.24086708385255687,2.2672866794894047,2.587869304966656,1.3571039488933625
71,0.053078671438472544,5.005679252064484,5.106443277498114,1.882073424855447,0.27955188331084924,3.0335127443598977,3.611124116029979,1.8353293443360157,0.24196150641458022,2.255769304836871,2.577808554659397,1.343393076859038
72,0.05786049192764602,4.974867301957404,5.084709088162581,1.8848478472673,0.281049639442284,3.0166232092009744,3.597329251396109,1.8295393494898566,0.24343622685324967,2.244811272099433,2.568813304642254,1.3336469593627394
73,0.06032574349164575,4.95240470464146,5.066926500058685,1.8856075323208998,0.28241789990875193,3.0020621846490627,3.585595332837827,1.827369186096138,0.24669398306414045,2.2304261222377497,2.5587640732570507,1.3269615181430763
74,0.060853633396488055,4.933312720267631,5.048836656664577,1.884992274783413,0.282365729727249,2.990908950010934,3.5743343039335995,1.8243809430910358,0.24813411910536645,2.2206146806965212,2.5508693842490295,1.3228453221074428
75,0.058836141349687614,4.916225548044164,5.027919497472586,1.882004792895011,0.28040903207105755,2.9811642342786255,3.5605466506122063,1.820670479530759,0.2479958292822009,2.2131676881903077,2.543238334569549,1.3198716648453783
76,0.05825614088279753,4.894931538852943,5.0055244211255125,1.8712921660750723,0.28120373931301695,2.964429775987165,3.545454220035489,1.806627988718786,0.24834472987988443,2.2047912787149886,2.535326295185182,1.3138119274849527
77,0.05642790533208905,4.877684402001526,4.984806579967867,1.8645137466830097,0.28137868648227615,2.949684928911979,3.531070849596441,1.7951850240267546,0.24930655059920087,2.1938913495393604,2.525706503612853,1.3022621377777595
78,0.055859855510385394,4.861028399942869,4.967072197740105,1.8616723031893248,0.280972593183491,2.9393913645427396,3.519938213407834,1.7911728145982035,0.24963684031084105,2.1865497037521133,2.518804457712947,1.2981932268737875
79,0.05674021091560792,4.842818210556693,4.950533266357164,1.860790048149346,0.2800665075421358,2.929892443009119,3.508567133604502,1.7859199474872904,0.2497687131659106,2.178247247984029,2.510677518438986,1.2931748586783052
80,0.05964779893081854,4.817497825296467,4.930732617457609,1.8592896950879056,0.2787344173556566,2.919634571323012,3.495556891121648,1.7781680808694802,0.2501110229648828,2.1683959013941454,2.5012817699006327,1.2869991374637866
81,0.06104875279843403,4.7947307300150595,4.91062507915685,1.8571248699685916,0.27779791483386373,2.910215506577362,3.4842028206097018,1.773422765389445,0.2502838575891817,2.1605236580993723,2.493639561265412,1.2832654780533097
82,0.062107780314203304,4.772604328894644,4.8905091254090225,1.8544613401291896,0.2776049242509448,2.897846541687896,3.471435097700796,1.7683050018164412,0.2511898266133098,2.151763191616723,2.4860848964378097,1.2801375831743294
83,0.06306755934455222,4.750387075336878,4.870113906879709,1.8499550760032972,0.27946830974351516,2.8783871909390433,3.4558258825245143,1.7580162126502437,0.25438541290214034,2.136710170805485,2.475285048895525,1.2740667229919542
84,0.06321041620538674,4.729723311449673,4.84972134104567,1.84628175923797,0.2805592469955076,2.863329468727782,3.4430222598208875,1.751991952736742,0.2564587581954068,2.125101586395331,2.4664359883979166,1.2702821121531012
85,0.0625742758761025,4.712624229865032,4.831414616945074,1.8440233581819951,0.28110113374936996,2.851502024031322,3.432314463997765,1.7491489930323476,0.25660361896597306,2.117545289686351,2.459072494480475,1.2684171927166883
86,0.06227073698942621,4.696936773708001,4.815150925564586,1.8417801712570612,0.28190674670350063,2.8391615692807397,3.421638570393969,1.7448134504868604,0.2565216145697983,2.111091058442152,2.4525091192876483,1.266808222878561
87,0.0626709049360947,4.678028896141689,4.797002722874511,1.8372391512774027,0.28293914674984455,2.8254083927619806,3.410018543542524,1.7389370846438483,0.25733048597794406,2.1028449162283533,2.4453395464230088,1.2642574063871865
88,0.06221612043107688,4.657378055980157,4.7754885243019904,1.8311824557036858,0.2823995887728643,2.8137189801316644,3.397214293768246,1.7333605328414314,0.2588774857850666,2.092780432070309,2.4373340453848145,1.2603208664104077
89,0.06014097182164898,4.633870957676006,4.748041984380479,1.819669913192139,0.2818342864523176,2.7963366770620883,3.3786639604750417,1.7204183722155124,0.26093686898067925,2.080701668286201,2.4279962226257474,1.253944789755866
90,0.062091931024314165,4.6012752915738515,4.719149999952897,1.8098268265966155,0.2805572684879696,2.781995108998003,3.361683812089842,1.7103621204301476,0.2617073075056258,2.0699132039091155,2.4182331752593447,1.2483882561261104
91,0.06719034347382734,4.561121878443015,4.688675362643144,1.7980675031146698,0.280663597600036,2.7609412083185325,3.3408496091049167,1.6959589544424656,0.26283200794853984,2.0572680510048116,2.407084945118824,1.2412381654679006
92,0.05985122100567077,4.173973629716614,4.649001544021749,1.7832479613312735,0.13872173401462998,2.3269793757943544,3.3048170947720146,1.6644510348038544,0.06887272780357559,1.9216239574448408,2.3844049457252425,1.2197227052534638
93,0.058409096477187505,4.143718968310272,4.607301010744743,1.7736146457589834,0.1258436881826798,2.3772533601838832,3.264314828052428,1.6398013815284986,0.06765823331901848,1.9056605051144313,2.3602808618103346,1.2022535802888834
94,0.05652395650405382,4.124312308073023,4.5729323481529205,1.7680672518068292,0.11742269197813537,2.406795087144999,3.2344976681119224,1.6274582110153257,0.06668126760575074,1.8855954425562873,2.333651210151094,1.1865251165010888
95,0.05566608267551203,4.10535153784661,4.5471627942682655,1.7610156519615234,0.11293652906089253,2.4177344873128814,3.2138144869653567,1.6200144871653157,0.06590375678611164,1.8754103945772043,2.3182417832779816,1.179725135401296
96,0.055822074564523545,4.077872761095552,4.5209220958795315,1.7550572400379174,0.11037239719549391,2.417385904415221,3.1953915563655912,1.6135672303830586,0.06564996305706769,1.8652971295311092,2.3064231855625996,1.1711844474337734
97,0.05554008929226015,4.056331911065234,4.497143181637701,1.7513201305767492,0.10883293813550066,2.41507499542261,3.1822291312325848,1.6090346250937175,0.06565414180693517,1.8554051034918704,2.296559238068456,1.1636783150625356
98,0.05518316644359478,4.039640647400587,4.477619088274338,1.748398038262909,0.10748280770996825,2.412838414476221,3.1704755956070847,1.6058329649342182,0.0653315387564971,1.8495849456061593,2.2885713925759785,1.159176082439725
99,0.054708139402701896,4.0251894366417575,4.459397676996916,1.7454172965355055,0.1063136585115728,2.4097551458722717,3.1591510936201748,1.6016429394722305,0.06498647856851295,1.8441909988005483,2.280858860462306,1.1545306072032009
100,0.05476309473091384,4.0034570601375,4.438101470624225,1.7352213305641666,0.10726984070978032,2.3842631485610934,3.1403991433986884,1.5754391248663204,0.0652508975509053,1.828916419695127,2.2673610089803433,1.132261596743499
101,0.05470400200146261,3.9821938906684258,4.416369293246037,1.7244170124984337,0.10827955859185531,2.3590615915866264,3.122315002001762,1.5507666851405753,0.06565264133655863,1.8113093909701425,2.2524534433387786,1.1062437402419476
102,0.05498149160236044,3.9571633602386274,4.393541145727415,1.7118980521596108,0.10911402638467267,2.335524391242834,3.104659894243425,1.5274364574638282,0.06588944228073051,1.7978994336176952,2.240634637933763,1.0882202973000696
103,0.055212572083619134,3.93184550019709,4.370057328119841,1.6975567934130444,0.10961116127105357,2.3141409838796294,3.086780748463856,1.5076591229642653,0.06601104498283647,1.784519092562997,2.2280713898047098,1.0697959251917326
104,0.05497310220723605,3.9103534906098503,4.346664691043208,1.6829567738992555,0.10944087099014706,2.2998078100163952,3.0712472128762793,1.4934276376178088,0.06542839139635824,1.7781588985629533,2.2177961337594327,1.0584288908804693
105,0.05456373696399444,3.88989551171636,4.322957657002327,1.6718919096361133,0.10903758203335533,2.288660121085065,3.05725677434699,1.482983705029261,0.06499380712231195,1.7728047378350067,2.2095218427237695,1.0509187770442403
106,0.05432348053775674,3.867141965675042,4.298297240772959,1.6576027367664454,0.10873503372516452,2.278316770538847,3.0447807864771175,1.4741311655844693,0.06477376068090447,1.7676862375375155,2.2029247700962755,1.045416712937732
107,0.05413861282316632,3.845718126986254,4.275406141710721,1.6436010143220616,0.10821403232649604,2.2694410817217188,3.032232603058643,1.4653800723434862,0.0639755048047754,1.7643016051034117,2.194176365164165,1.0376764301875265
108,0.05394597192617889,3.8255057050494097,4.253664765109823,1.6309485286659162,0.10765529296394707,2.261465185483,3.020318200516936,1.45770512688469,0.06321721254476859,1.7611131688757187,2.185892686557046,1.030711697037221
109,0.053393348912406394,3.806126203899332,4.229899198759764,1.6160261546262369,0.1067993384171032,2.2533479276852044,3.0061673918298033,1.4483243914338522,0.06224909200441469,1.7590965500290814,2.1773709125535348,1.023956452222811
110,0.05267715322639218,3.7841608020495925,4.202249486093218,1.597233331929707,0.10571173250443096,2.244287206235772,2.989440228691559,1.437464198434386,0.06155358983425854,1.7537952783529256,2.1673963080224063,1.0172797037113719
111,0.05192291283791276,3.7604225683928956,4.172524987952626,1.5788640490056167,0.10529577594945634,2.231649201330059,2.97387018136438,1.4275273381949478,0.060553204141006865,1.7491027596193949,2.155981832796822,1.009052321474742
112,0.051403778133478926,3.7356110113792633,4.143593156168537,1.560861258198294,0.104847752296088,2.2191950930091924,2.9582579923694974,1.4190792933189218,0.05928809028334527,1.7458107185788552,2.1441890301339805,1.0003357002559525
113,0.050916814209091464,3.714078606584157,4.118195810049647,1.547393568900262,0.1041587953905634,2.2091696203011546,2.9433761209597176,1.412190990121777,0.05878599070743437,1.7387715130241381,2.1337760343234478,0.9940944084728519
114,0.050153357987968925,3.6953775801738638,4.093435374820464,1.5346447951089934,0.10223466802579312,2.205859668927766,2.926503159242247,1.4052533308884267,0.05838165844720496,1.7309958696102927,2.1232835349210277,0.9881122297858791
115,0.04914207798647241,3.677411690663895,4.06744314563325,1.5238390112969054,0.10066242177928261,2.2000757953019594,2.9096366553834803,1.398872203645937,0.057561053252760376,1.7233782452893696,2.1101519648775517,0.9817578857081316
116,0.04880081563757075,3.656528272344966,4.043851192064652,1.5159316925748052,0.09988721911617761,2.190330897852212,2.894427420213185,1.3935648902691387,0.057497623139790746,1.7114107650508161,2.0977582745656798,0.9766328473809032
117,0.04830963848855008,3.63857154899604,4.021996087818342,1.508534149719857,0.09845403073446063,2.1842079666092564,2.878202065813556,1.3899726330901225,0.05753035935989048,1.698780825264052,2.085348301386504,0.9724865034478134
118,0.04747640206830572,3.6189138786439434,3.9957251762962094,1.5016799817262645,0.09611774652791479,2.183192592188833,2.8607184224831466,1.3875858287808223,0.05708346531879332,1.6884675878738462,2.0720322198722,0.9699765700289632
119,0.04683187356729796,3.600332898465289,3.9720286943049,1.4938324959080551,0.09425447847385973,2.1813321404497237,2.8457239525113285,1.3849536550545687,0.05659657906183929,1.6813154416929348,2.0616085072765538,0.9679223907199955
120,0.04628165505512677,3.5818646973687565,3.9491935120865627,1.486866773209627,0.09266224452935565,2.178214263955935,2.8313825541993323,1.382385470414274,0.05623440514556802,1.6749304994332448,2.052789986324011,0.9659024161062211
121,0.045827354124518264,3.5621894148720483,3.925912528320814,1.4783535076182805,0.09111865299693162,2.174696797985134,2.816984442641017,1.3791538901813964,0.055891639406725264,1.6686486727722345,2.044204991595915,0.9630750237283545
122,0.045539772168050455,3.543549523701586,3.904990153106129,1.471661312104129,0.08969978233405922,2.169905013922695,2.802191159805782,1.3753563582246058,0.055650401812731926,1.658777235812401,2.0327125912196613,0.9603102390160897
123,0.07279273755524839,2.605763032006877,3.8837962204447,1.4629860631767386,0.10531800869269449,1.2193980946734677,2.789424071535816,1.3718778374624283,0.05561465494468196,1.1818675247900376,2.023841317100088,0.9573383142981478
124,0.07214506543492684,2.5959857641254525,3.8626476744276155,1.4523154312969033,0.10448923013754832,1.2197474592783062,2.7774184374391235,1.3678527132409648,0.055348511656118,1.177661120465824,2.0156056569224856,0.9541557593223944
125,0.07148185884888794,2.585798317252823,3.84081620843694,1.4405315645286474,0.10356110929776406,1.2201949672573627,2.7640300037191645,1.3622335069149303,0.05500747602541857,1.174457560724824,2.0072390144728276,0.9496733240518909
126,0.07039298019870012,2.577642664818771,3.8135429475729916,1.41614257446559,0.10245432062493973,1.2200127575170217,2.7473483653549726,1.3494352214926164,0.054204020976468044,1.1746521477268128,1.9952697555390937,0.939481206489601
127,0.06929605547122943,2.570580667054571,3.787222075173646,1.393615494232596,0.1011344410938235,1.223708298887699,2.73136783065942,1.3359157282581944,0.05368300466728217,1.172435417370944,1.9851651388313816,0.9303462437043043
128,0.06843037108043785,2.5579644475355736,3.7594069028565835,1.3713047813544377,0.1001040395393374,1.2249433122773934,2.7172421547688708,1.3243823424378356,0.05334307571508744,1.169178086426757,1.9767614796526654,0.9237720048143431
129,0.0674936994684515,2.540487879363243,3.7254850484236885,1.344012600230382,0.09892616451517608,1.2254216242089588,2.7001613198044234,1.3082739746420275,0.05288880889583111,1.166499069063749,1.9672051247082183,0.9146572689000675
130,0.06658194309478048,2.517803934340116,3.686793257776721,1.3164942309043546,0.09732212103767149,1.2243668091002602,2.675194260636427,1.2815950083742158,0.05206921116177416,1.1604717680414105,1.948769586810202,0.8894979698613784
131,0.06586673954593308,2.4965267645241376,3.6529591502412084,1.2950359031259182,0.09570147705647997,1.2247399063906859,2.65140764221156,1.2559035505429104,0.051408853801095424,1.1506278867869217,1.9289282760687638,0.8642092955642122
132,0.0648126332753102,2.476422482010843,3.6143477632660996,1.2708274044639027,0.09393926967020258,1.2159883820708466,2.6163860487229496,1.2237598720481078,0.0519686910265998,1.1174524530124397,1.9042284549237782,0.8453028719014621
133,0.06401717638802551,2.4575773644433143,3.581536687883758,1.2529484860849378,0.09269520573804908,1.2058960263946166,2.5877478364111495,1.2016675637202132,0.05205370921938689,1.0944722302785255,1.8825353585824935,0.8253419725164672
134,0.06367225745914229,2.434955017906499,3.552858547139471,1.2411941271544311,0.09189966586617694,1.1951730165146692,2.5651653327943476,1.1870445416552482,0.0521139783235109,1.078332714575499,1.867308282347246,0.8161790072133052
135,0.06339358880414593,2.413405563860794,3.526416465042892,1.2288556473512795,0.09145143721415837,1.1846365299257267,2.5479468870990907,1.1787333486820077,0.0521078850139654,1.0658839732556196,1.8547672918360179,0.8088179094015863
136,0.06325675302270492,2.3883368543881063,3.4989453088987252,1.2157822771830873,0.09118447154463324,1.1723849857650939,2.5317155578923125,1.1710174882115263,0.05211673464238932,1.05451805062113,1.8435353474706029,0.8026885896852171
137,0.0633173469212711,2.3578899076807196,3.4695622185042794,1.2001252616902212,0.09127232885116252,1.1524774393277428,2.513117742385316,1.163019003507539,0.05238432025120371,1.036376356618329,1.8294447452177214,0.7961419228605344
138,0.06298359976792102,2.3372948337235933,3.4431074949055356,1.1877872386884227,0.09110465161612986,1.1387740299711446,2.496914688210157,1.1563148144058077,0.05234314367651557,1.0264697391141395,1.818914738127118,0.79086119529825
139,0.06203112733101101,2.325544914093849,3.414634871523656,1.1753418038002945,0.09053826009945483,1.1304258561767835,2.4801230449152576,1.148601219152079,0.052103557330035966,1.0200579851852916,1.8088757851275972,0.786043906538005
140,0.060350660061161666,2.3213377234872525,3.3809234609209255,1.1640586353401166,0.08946199846264341,1.1267368695753839,2.460389710830751,1.1409160000503247,0.0517436887510824,1.0134220821574662,1.7967916794190908,0.780838922417474
141,0.058862460289111455,2.316170133647436,3.3496273208495393,1.1535482609469339,0.08806447043575405,1.1269718385057517,2.4397910603939725,1.132782354362603,0.051331010310556716,1.0086164635006043,1.7857383472428405,0.7760238087954808
142,0.05768820011381362,2.3080198884115624,3.32086041073343,1.142060955756528,0.08707399586803494,1.1238336619637554,2.4218874052786203,1.1259315974803596,0.05094343619815724,1.0039718798168347,1.7752261150850719,0.7714557321718233
143,0.05638327438726147,2.2996541411388276,3.2895838835808453,1.128724096731788,0.08577725990632197,1.1234973109808242,2.4022199904985992,1.1140045038341857,0.05020076451025931,1.0021795732555632,1.7621901876090842,0.7630511245060227
144,0.055271473248009004,2.286038166853345,3.2564478472310787,1.1139109708817685,0.08440959597890066,1.1232113746674732,2.3815456332463905,1.1007584310777774,0.049381186982911295,0.9991865615234059,1.7467892449191662,0.7494831429907591
145,0.05490811036598896,2.2605169900830786,3.22454705295686,1.1047412519473276,0.08360685118558751,1.115930301691267,2.362297659320033,1.091714869795935,0.048897473981712666,0.9942570748861264,1.7345366224930554,0.741643959839409
146,0.0548846612777268,2.2289703576003284,3.192588721257345,1.0956856848336525,0.08318335683039109,1.1031582677796063,2.3432123923063957,1.0851795085208606,0.048769031993676756,0.9830701663196043,1.7214051763246012,0.7361342903657421
147,0.054746752673721644,2.20126325867222,3.1624603399484785,1.0892267912691782,0.08275921464427172,1.0916258552690965,2.3253570891681905,1.080317231932496,0.048710390359354025,0.972350850584718,1.7097980600758558,0.7323862482276509
148,0.05423373773184987,2.18083733446363,3.133027334210925,1.0845514828474796,0.08228291919007368,1.0819029551484523,2.3085338246840834,1.0760929158852395,0.04841779140566213,0.9651478004450305,1.698165230574758,0.7284833512779838
149,0.053821938845992214,2.157865536705557,3.1028255206468325,1.0796139557520523,0.08183756771183819,1.0720330462150807,2.2920248480514367,1.0726740228461416,0.04806405836627874,0.9591602926157228,1.6868224085943286,0.7260516747757044
150,0.0538717226171114,2.124619320456914,3.0704533656558484,1.0704244279970152,0.08156524697691725,1.0560997495254327,2.2720319357920364,1.0642069909165834,0.04800426948073179,0.9468610176576868,1.673617964400737,0.7217178726664628
151,0.048818883120782156,1.8619200779009104,3.041009763365009,1.0594905962537378,0.060071583324263905,1.0482478109726328,2.2518837618205496,1.0517950977389836,0.03576724854285155,0.894889329215444,1.659523392988097,0.7136235045809846
152,0.051099961401252024,1.683053867159111,3.0109481905199327,1.0495449890278967,0.06264322097284303,0.8599895452738884,2.2331982209757815,1.0441632661651803,0.032570384129393566,0.8716226162945429,1.6485828383801233,0.7100085631186276
153,0.05084290632777824,1.6576000936128545,2.97881452987598,1.0416585860269596,0.06224231142052829,0.8490966756421089,2.213516970624418,1.0377646174664967,0.03249712345426636,0.8622433375743069,1.6374559404058178,0.7066364062587378
154,0.05061913564367858,1.6336066951545882,2.949006179449018,1.0352548007761042,0.06195885055627131,0.8366345238612736,2.1948410432430534,1.033503398609763,0.03244949778368544,0.8509290207846163,1.6250055224438311,0.7030614586873649
155,0.050393131878505464,1.612497307723651,2.9220238107358636,1.0301309711295934,0.06161511522934591,0.8273516646179954,2.178023125524991,1.02963413849256,0.03240740748997592,0.8407582486946161,1.6138306945275847,0.7000446457174327
156,0.050253065461110684,1.5890506352329734,2.894937342921437,1.023891926838317,0.0612636027292063,0.8194096406131759,2.1623755588083973,1.0253207876837083,0.032316822281761595,0.8328884073616046,1.603799960550131,0.6972991388960669
157,0.05007967916864664,1.5643531690190489,2.8657342241160433,1.0170692630574305,0.06093884014148994,0.8065238525833359,2.142370615727624,1.0198484778743027,0.0322506604964291,0.8225714285668926,1.5919047051461754,0.6941413094516705
158,0.049848564732024106,1.5416363171454295,2.837011583979142,1.0098460598850805,0.06042953787179237,0.797483938180367,2.122166232377464,1.0141526857339298,0.03213260503842672,0.8121472904100138,1.5786643768423345,0.6901623590890521
159,0.04949111830678907,1.5250219744360463,2.8111085634320565,1.0033093487360472,0.060010345239974776,0.7904020145457382,2.105895142702798,1.0097039439923383,0.032009452064200174,0.8038756281910642,1.5674549242115363,0.6869747289283498
160,0.049230397597335995,1.5075080479635148,2.786819493875818,0.9979353044271413,0.059593331862208526,0.784358690996907,2.090710424772592,1.0057043696467516,0.03199965829276236,0.7936354820099246,1.556981149504521,0.6849049346404181
161,0.0490121276206799,1.4894844172582298,2.763123853740119,0.9932890914778199,0.059261323395457255,0.7763861555334861,2.075459896577172,1.0019064937536497,0.031890032391643036,0.786846209924063,1.5475767727228829,0.6823488591099345
162,0.04869285742587561,1.4732925312456833,2.738635345427413,0.9888386125286005,0.05876328417956775,0.771799417902274,2.0599555885931244,0.9980262310309261,0.03176375741976883,0.7804018888040692,1.538120186540203,0.6797979423353613
163,0.0483365902599395,1.4570247534661003,2.7131095342898086,0.9851396811476391,0.05823872901424477,0.766810218077227,2.0434675594818565,0.9944815823777282,0.031622651655823716,0.7742989818369773,1.5286512288303011,0.6774999508782836
164,0.047928997791555995,1.4414804228897813,2.6869734202723814,0.9800977702585919,0.05774590072359726,0.762525882092584,2.0283798823880153,0.9902280417425013,0.0314735045341092,0.7679962126858598,1.5187905839000595,0.6750871104279896
165,0.04754804052237479,1.42277617796439,2.6583695397833442,0.9761697306834151,0.05726595108547504,0.752410488691226,2.007743462182254,0.986310916792043,0.03132241582117892,0.759830965442035,1.507021144593698,0.671309154338097
166,0.04715891146445886,1.4013034934587685,2.6267848658966764,0.9697850591189264,0.05704986661946163,0.7335919508568542,1.9841881139028597,0.9792042536003959,0.031216084514612275,0.7484709921244682,1.4931246584970226,0.6673236764352128
167,0.04699460808232232,1.373232455450421,2.594444205711222,0.9610430890363926,0.056622142251620794,0.7199592031087042,1.961179175026498,0.9693055955757259,0.031168342642597453,0.734647249188057,1.4781620424255562,0.6591331529090146
168,0.046989993841061825,1.3426499949374096,2.56374183855624,0.9524415237314349,0.056584751028069674,0.697839750413165,1.9382400653628447,0.9612915188515925,0.031258534457159294,0.7182436706293407,1.4639099721816904,0.6544596454476096
169,0.04676494233823157,1.3212859033066475,2.536529511332392,0.9442759863094954,0.05641504063322538,0.681021364120154,1.9177014395461032,0.9541056396793328,0.03135909941624591,0.7024015382902679,1.450466797516422,0.6508330202277175
170,0.046300790982770235,1.3075932356911577,2.510775309163919,0.9357712818055595,0.05595276401351033,0.6726440794680437,1.8991905401962097,0.9472952881945401,0.03127628020007291,0.69264119297763,1.4387308157994025,0.6469238353208817
171,0.045772275712334186,1.2956016335317482,2.4850495982463694,0.9269920924271599,0.055427494915757124,0.6651771915517092,1.8802091728053048,0.9406578611601609,0.03115943356362048,0.6833123158097084,1.4266145846890963,0.6426937242598586
172,0.045021236611472094,1.289144828322811,2.4590761333118856,0.9174941068036085,0.05449325206205994,0.6652489017118409,1.8598012465101899,0.9325548317277111,0.03094787250258914,0.6759478615003653,1.414203382134152,0.6380321180293117
173,0.043925253518774056,1.288626574031998,2.430077432316519,0.9035043479292745,0.053375073573364996,0.6677682980689666,1.837808933893654,0.9225674837394424,0.030618990170430214,0.6699546115122187,1.4003647076395254,0.632263144274527
174,0.04270583745978899,1.2899669200170754,2.3997297766253043,0.884442210717064,0.05241532238124658,0.6673845624287821,1.81638639081246,0.9126040282245536,0.030212930262702605,0.6648153409876542,1.3855389564509704,0.6256781909805514
175,0.04130785833657287,1.2950440216644494,2.3684786993271234,0.864394558994649,0.0514049036088921,0.6672880505805774,1.7941403821353692,0.8992141921027109,0.029394767673792115,0.6684239193595116,1.3696304243013002,0.6158643303940653
176,0.04010849541678987,1.295812365572928,2.3380801466439673,0.8469488468797162,0.05045620471397044,0.6651795471071803,1.7712353497973412,0.8844938082752681,0.028837436942112247,0.6668926404623049,1.3548041284543142,0.606874253187213
177,0.039134594212231776,1.2929000577505165,2.3098598376884047,0.8325101070788645,0.04968560074174958,0.6608076575740157,1.7499709690456484,0.8729241083187573,0.028486306166935565,0.6611786462063262,1.340713977381193,0.6000060202953827
178,0.03837574905597699,1.2867375693935652,2.283977839811904,0.8208430591444758,0.0489417130026517,0.657338552617517,1.7301950222439588,0.862775214739774,0.028195131545343925,0.6555333094902637,1.328122726310582,0.5942241534322827
179,0.03789974396436243,1.273231409665239,2.2581021118547002,0.8106679562138518,0.04822916469565655,0.6537091022314839,1.7109457250201228,0.853133507497389,0.027935324719498125,0.6492950833352836,1.3156868585095414,0.58875048039564
180,0.03788127527373128,1.2461109241493378,2.230501695067296,0.80240990015173,0.04796653151135404,0.6397220144656209,1.6912014274299478,0.8465015538195323,0.027757962069674607,0.6415105657867697,1.3036713892089975,0.5843174978736508
181,0.037662546936278005,1.2271348355932206,2.2058416860208747,0.7941384224403395,0.047605719453998684,0.6285412835977183,1.6721112972724879,0.8401318325844125,0.027556293551620762,0.6337525648722546,1.2911026247507578,0.5800417357550679
182,0.03359316169102636,1.1076561268373946,2.180145849424682,0.7853307737038597,0.050718584017536095,0.27359011856963045,1.653962438109342,0.8331438488166697,0.027444022951183315,0.4663353189841573,1.279087311066908,0.575408197465286
183,0.03490955692301082,0.9849003678751088,2.1547129353610637,0.7774734480098351,0.05174655308655892,0.1563663138313301,1.6366026958439592,0.826098086754798,0.02424646156801284,0.501170337577126,1.2675512284906214,0.5707089322738413
184,0.034608122608980316,0.9704379839706361,2.1301495453165793,0.7675582314400409,0.05130617820954058,0.15224842507717223,1.6198876605011867,0.8187140848276098,0.024151862155666892,0.49358116920055234,1.2569719668292925,0.5664616209824234
185,0.03430112171726993,0.9575437180929303,2.106967738346781,0.7564314300258035,0.050655768482988695,0.15152252395992447,1.6005564594551396,0.8043980868884095,0.02398027136042556,0.48668023114706976,1.2446473958815534,0.5580935178382879
186,0.03403688399953617,0.9433885276649762,2.08395799259776,0.7463736248790523,0.050064492494997385,0.14960308243071965,1.581723268564288,0.7913388615685054,0.023829340541402472,0.47686144514677586,1.2300579964362928,0.5469563734637648
187,0.03366636433699187,0.9335324285276572,2.061685850521228,0.7367833647377682,0.0494934389030667,0.14821449229706393,1.5639994009592844,0.7806062212539301,0.023660229037142322,0.46937100702758305,1.2172222907226902,0.53880975515475
188,0.0332993559751507,0.9242652471697808,2.0401202892383057,0.7277487251997301,0.04883972236323238,0.1490164668895417,1.5461014825527533,0.770907660292937,0.023475899228249896,0.4637439934710139,1.2057689901937052,0.532919696490436
189,0.03275788806663615,0.9202226955735001,2.017933251716076,0.7188501236495684,0.04792076949184816,0.15646672815561133,1.5272646311042335,0.7588511065225069,0.023285499268480853,0.45830576008326257,1.194312604821658,0.5268101093511421
190,0.03217483086303105,0.9173132937145738,1.995485714616858,0.7086910360040966,0.047038717862689365,0.16345415955602882,1.509020528529617,0.7480497458327895,0.023098366875871364,0.45237895661475896,1.1824709304609813,0.5205133354045678
191,0.03177411094008333,0.909235510931331,1.9739798839514824,0.6998020065743383,0.0463492362164481,0.16661383504178895,1.4924572320178209,0.7393042628367943,0.022961779845839452,0.44579405042457915,1.1715687885591304,0.5160006857729873
192,0.031279381369709335,0.9038955080502695,1.9520615879054073,0.6905588319737802,0.045729348919957155,0.1687249738498171,1.4768361804811425,0.7317647358508447,0.02282870640690413,0.4398874902603164,1.161456050087072,0.5121446088541791
193,0.030846262932969524,0.8962009797188262,1.9298533436988083,0.6794022528574167,0.0451564530437909,0.16953948650861328,1.4612627161941552,0.7239535642279996,0.02270859395111025,0.4332235428357357,1.1509955944329124,0.5084655704532357
194,0.030314799540061808,0.8882338779366921,1.9040770053928968,0.6644308923684578,0.044511805635866424,0.17096762747294428,1.4442503912750138,0.7141892602740131,0.022568360820555047,0.42674470696982236,1.1400842771004147,0.5039493474204234
195,0.02970024681948678,0.8834923493384752,1.878741932811958,0.6513165202074026,0.04371056718380383,0.17602039441718237,1.4263833261402605,0.7038907343258537,0.022358333551460875,0.4210590624671463,1.127760101645376,0.4982028618964078
196,0.029281145146469702,0.8732976513646836,1.8545032180312222,0.6407521993254744,0.04310563238866024,0.17606143913726063,1.4091199043962823,0.6961042129789816,0.02216294865917889,0.4141541831443343,1.1146795068517485,0.4933219390177005
197,0.028859326557986738,0.8643333235104697,1.8314038300530768,0.6304912698179401,0.04245689442917899,0.17790797831713673,1.3924089653918537,0.6882692476058667,0.021987184376337173,0.40799532660697296,1.102965102042028,0.48896227907843787
198,0.028436094439950745,0.8560630277257392,1.8089511070397772,0.6209060076792704,0.04176496701422353,0.1809649599533895,1.3756730125766894,0.6780206432719531,0.021807443532320732,0.40276857062344223,1.0920571068482121,0.4835255651355958
199,0.028034560498488122,0.8485825100679765,1.7880152638953275,0.612661983779266,0.040895728010301086,0.18847766128701376,1.3583206915750456,0.6665911571516522,0.021619039985117005,0.39722618258930315,1.0805596693338742,0.4773912808289088
200,0.027633848985268314,0.8401873638725194,1.7661923516261087,0.6048915392590923,0.03997192380004147,0.1969288460479023,1.3403459886136095,0.6552382443013652,0.021379899293380463,0.39236678456339935,1.0681415248132444,0.47013152013547876
201,0.02724556218542923,0.8326270622887229,1.7456206337346685,0.5975574493472599,0.03908939408835577,0.20384637050791435,1.3220183033055608,0.6445680339958706,0.021143577243866462,0.38793267284734206,1.056237758098621,0.46375533292323295
202,0.026739641559931186,0.8275860403171781,1.7236263084839334,0.5901623988916104,0.038309554383881894,0.20841957991136972,1.3042838026520909,0.6352925416054174,0.020914344168842542,0.3821605484561839,1.0432200466443415,0.4578544268015413
203,0.02629048684647097,0.821480791655843,1.7024699713854088,0.5830715340121871,0.03740471732259522,0.21552531744589665,1.2855062173753484,0.6237206523732941,0.020693891610279104,0.3766380026302819,1.0307294478610176,0.4517605185693713
204,0.025784879781461836,0.8171183406659439,1.6811647244682584,0.5759069885592348,0.036658988785378106,0.21925863603300833,1.2679075931362906,0.6135816418782185,0.020466272775238176,0.3710906720352361,1.0179875530159248,0.44569398607476785
205,0.025343061462358214,0.8110311768191083,1.6602723133542405,0.5692000468905866,0.03593984059555557,0.22175495340686044,1.2498323119951036,0.6042087654498363,0.020224134848714756,0.3659940338773093,1.0052374319226662,0.4399856661544009
206,0.02485100500565876,0.8066512829841685,1.639403701881633,0.5615607905634069,0.03520046979899095,0.2246421015390797,1.2315693836953348,0.5934881370413829,0.02002218321385725,0.35964593586522325,0.9925060571834013,0.4346079357697794
207,0.024452946793858826,0.7995544571830362,1.618968021629225,0.5540179707560102,0.03455147822702627,0.2250979981838827,1.213460547442186,0.5833869183572238,0.019867234316091734,0.3519072542391135,0.9798697588892877,0.429844847721814
208,0.02403969709977047,0.793673553654731,1.5992391999872517,0.5470033473199332,0.03390884507110404,0.22550056441370714,1.1954802664881126,0.5734560819696264,0.019708183208205395,0.34439995577877097,0.9673351813176913,0.42518152870168563
209,0.023730982461793657,0.7842819215429414,1.5795025994741563,0.5406742618538504,0.033435884654148776,0.21917500178530927,1.1756254313831889,0.563497655473478,0.019573521959951594,0.334156224287045,0.9528350841241584,0.42050815549713716
210,0.023396486220188896,0.7742383648245239,1.5582501377539064,0.5327688429838512,0.03286254225508268,0.21594917855754392,1.155998858195742,0.5530506887999855,0.01935233470944446,0.3269637172172168,0.9386513019923225,0.4150229470393376
211,0.023023068011444638,0.7651193001707263,1.536617900432793,0.5239408351442585,0.032260892649059396,0.21486632473063924,1.1377055124048703,0.5426096795080353,0.019084436041551703,0.32229057643918335,0.9255104341111705,0.4091718701533053
212,0.02180744649577743,0.7650004022130726,1.5166884950425943,0.5163471704508747,0.02972983623993399,0.23105961708046577,1.120554086294323,0.5324034856866429,0.017462989450275745,0.36533678849993556,0.9132539670064224,0.403708893111495
213,0.02221864190830863,0.7448359482557463,1.4976173691039465,0.5088320340236222,0.030509349468667166,0.2188905714329465,1.1035045759203423,0.5236493776735189,0.019210210042590884,0.32632993226922014,0.9006642554951383,0.3983589607681629
214,0.021835903030304665,0.7386055316883444,1.478419521062259,0.5016427068111677,0.029972411970484083,0.21625580700513955,1.0853013893957293,0.5148895075441263,0.018886278147638453,0.3221859314761387,0.8868355503054725,0.392038868190948
215,0.021486703155669515,0.7311335727262008,1.4591164529408487,0.4951333002577812,0.029437826251033094,0.2133578260449785,1.0669031758097969,0.5063367458419759,0.018556101727611966,0.3175864059643076,0.8723646256615839,0.38552788107924396
216,0.021141023790926253,0.7236555859932027,1.439926634115538,0.48880517308640603,0.028909802831400988,0.2105783960858081,1.0488137861222622,0.4977470300530903,0.018233621695763952,0.3130017940635971,0.8581387162198959,0.3791729594176338
217,0.0207766151330764,0.7159223167981675,1.41984697271716,0.4825668263604449,0.028409355040405117,0.20615305559888392,1.0298780371166514,0.4895920548134749,0.01792368133568165,0.3073193048530702,0.8431898323914231,0.37302682507035734
218,0.020432228820105584,0.7088377395066756,1.4010943727324405,0.47640926816229995,0.027860761493309887,0.20421925878049277,1.0120378528143104,0.48076383019745184,0.017609781947979804,0.302874365503818,0.8293601340001266,0.3667292551675895
219,0.020077905611719783,0.7027640045050831,1.383015946834398,0.4700620711656105,0.027316516374349686,0.20278500171451908,0.9948232902849067,0.4722526611487025,0.017304942671685947,0.2989853550135599,0.8163572377660512,0.36081485945006975
220,0.019675254099779344,0.6972686462215427,1.3638785046414967,0.46151399070233534,0.026751214257119925,0.2017424146834207,0.9773898532889019,0.463210136424998,0.017017437373471365,0.2943151353272097,0.8030913723003036,0.3555374476053329
221,0.019194345424868538,0.6935491313042246,1.3438655044116394,0.4510303119241008,0.026101735902722037,0.20223840237546817,0.959054313664975,0.45278567012367166,0.01670056872195336,0.2892076502564724,0.7885103550756951,0.3488815884181242
222,0.018774039575457285,0.6889159434761336,1.3249920927293488,0.4422530177931511,0.025550095394865715,0.20137583743992013,0.9421970150759481,0.4440075597113568,0.016452028418766067,0.28405633810001507,0.7759283471325201,0.3441353137104006
223,0.018388241233882892,0.6838763953544318,1.3068814566028197,0.43405708609989024,0.025031748254866,0.20030755068632736,0.9260993308682848,0.43623835212550005,0.016219614910891345,0.2790853430291432,0.7640088046768023,0.3395573818325745
224,0.018020882497868516,0.6787738669735406,1.2893325855336977,0.42629265622221746,0.02450155011118099,0.20046695003191561,0.9108857146882993,0.4282995659692061,0.015974875570391,0.2744293011703308,0.7520357057331696,0.334576240282234
225,0.017673453609182346,0.6736972589453655,1.2724848704527965,0.4187355599442382,0.02403559291779327,0.19938655709112113,0.8962949629250154,0.42135677069799915,0.015709371354075796,0.2705504650741458,0.7402189978462578,0.32917034048928073
226,0.017294094722784068,0.6695724044861145,1.2555071007391931,0.4107041899265258,0.0235375342918073,0.1994393452183092,0.8819066160140597,0.4138074455011128,0.015474314421268013,0.26612003455443795,0.7287609885481604,0.3239748954949696
227,0.016972582938739888,0.663819186130326,1.2388608629715516,0.4033813181092459,0.023093368013673152,0.19815086654594097,0.8677396028333753,0.40670546645827144,0.015242370372022744,0.26159737747483264,0.7173038196514424,0.31888364564982546
228,0.01654638270174977,0.659807050956965,1.2204087984230618,0.39344069894544864,0.022610006081374513,0.19712209521797958,0.8526958248928803,0.39910502753454186,0.015000343309764692,0.2562305558575165,0.7047010308741553,0.3127714082294765
229,0.016159415175493873,0.655973779352282,1.203464826108625,0.3850015988665101,0.02212234564481667,0.19626073465848237,0.8376948232356095,0.39154413352604434,0.014764509962631374,0.2513560748995972,0.6927757584090312,0.30801349748317014
230,0.015724360045747118,0.6530758720167993,1.1858269801184937,0.37553645651190487,0.021557796667942018,0.1968439425714716,0.8219090183751463,0.3826642282787651,0.014527953209265596,0.24662821247429512,0.6809754765490832,0.30319908719666877
231,0.01527157121122894,0.6503359730202533,1.1677463135089043,0.3656637855470293,0.02091308012714386,0.1985678713773448,0.8049394879350121,0.3729725306247673,0.014256763775197266,0.24147324773448772,0.6677126670883519,0.2958495649757695
232,0.01487029333990759,0.6470778268185389,1.1508926231972116,0.3576491688486098,0.02037875749462931,0.19929638324649226,0.7901753953445866,0.36554770237678413,0.01398194654250304,0.237362264086171,0.6553853771633043,0.2897720837498211
233,0.014496295255526797,0.643412281914778,1.1345557903490064,0.34998149880362983,0.01991637797651979,0.19907263587305246,0.7765450233058818,0.35880126126872836,0.013705844707003804,0.23426661505784088,0.6440350156419141,0.2840311560895018
234,0.014139613632797022,0.639715647609963,1.118774560601454,0.34290407215456276,0.01941939562242643,0.20009089015289286,0.763153348889419,0.35159873473904285,0.013430362644208533,0.2314499385580314,0.6329821562088822,0.27840668374047894
235,0.013814586669605977,0.6353305356736095,1.1033773327952534,0.3366827440001693,0.018949096606617095,0.20058623541893603,0.7500124448441209,0.34501914389011906,0.013163382189162342,0.22845418786118982,0.6220043980991314,0.2726864228560755
236,0.01350295556580882,0.631075549127843,1.0885640904359672,0.33017095691866394,0.018472247194206218,0.201283804768737,0.7368838371171716,0.33795937161958534,0.012901130111915638,0.2258275004485343,0.6115370692272657,0.26717345186237057
237,0.013143147694776971,0.6284728944910649,1.073770921117622,0.3229499389426705,0.017941353633990208,0.20356767755885674,0.7237745308838721,0.3296919608330896,0.012572108068837221,0.224762723187108,0.6006354056424265,0.26064079503120896
238,0.012806934936117094,0.6252531606592894,1.0591600897014064,0.31558751677307945,0.017453533917790573,0.2047349838119299,0.7107975777498862,0.32228595386855463,0.012262695830248242,0.2236094116055265,0.5902314888746535,0.2547402785543123
239,0.012489228935915411,0.6217425130609558,1.0448853650172278,0.3085535541210387,0.016997612177758258,0.2058557427837806,0.6986989543616821,0.3153910523994435,0.011992825402013524,0.2218153524718525,0.5803690197956832,0.24964754507354836
240,0.012124302324382077,0.6193020809814853,1.0300809921411476,0.2991442988425497,0.016539928475680178,0.20712819582148456,0.68670093721451,0.3080850656458926,0.011730125546941077,0.22000173254110936,0.5707013710365162,0.24464869533001044
241,0.011748321103125106,0.6171113596561263,1.0151517929593088,0.28838218254502235,0.016111946954382422,0.20786137856086334,0.6750248600386408,0.3011403787613387,0.011475689348003236,0.218397389161227,0.5614900602264417,0.23981995161569564
242,0.011405382860433641,0.6145605361333447,1.0009820082659102,0.2790699187318789,0.01569454008953441,0.2086062390624597,0.6636670712001412,0.29431642959336335,0.011254403867413422,0.21626200879364837,0.5527388309716048,0.2358468542552195
243,0.011007117455351885,0.7200009128748475,0.9872106034129564,0.27075632640124075,0.0175157483786038,0.28665875147417585,0.653140364435709,0.28830744478026676,0.010355207177271317,0.32756441985157037,0.5439838581106228,0.23129744284370363
244,0.011566913315303629,0.738443581111829,0.9740006513995377,0.2636238527296508,0.017313377068525964,0.3386204179657541,0.642093693985477,0.2812706129483127,0.0123534688843549,0.3314690175656478,0.5345364418795423,0.22657251025543138
245,0.011212617759365611,0.7324076236623873,0.9607495605002507,0.2563392086726549,0.016841460593139266,0.3362727890126581,0.6314741930442389,0.27455523233503154,0.012050694958927665,0.3267759218881145,0.5248663213872399,0.22187293287063795
246,0.01089237228414215,0.7256469943497368,0.9474672184488413,0.249043722102824,0.01636107207565456,0.3340964022210188,0.6208774341561374,0.26760161842387575,0.0117372930778242,0.32241879423750636,0.5153574656377001,0.21748484757895953
247,0.010583328854056688,0.7188924403569995,0.9344190783456002,0.24266414221414304,0.015898447069673857,0.3315482101157807,0.6102202333013104,0.2609345246590714,0.011414249694681328,0.3183173312685517,0.5059457866985939,0.21324079398325746
248,0.010270743667332171,0.7121090829632832,0.9212700079225706,0.23621232764705388,0.015459621633942783,0.32910614926000337,0.6000863286154703,0.25428561141402606,0.01108688960991659,0.3139746069384927,0.496221888071772,0.2085502358480848
249,0.009982154603674069,0.7053669578851044,0.908650844390024,0.23016071781866332,0.014961504534118606,0.32720785048493023,0.5894569066443403,0.24621708310877988,0.010671598971175984,0.3108060337645783,0.4862267303052877,0.20218525044539132
250,0.009695682671275612,0.698996068304504,0.8964460311622086,0.22425338907657005,0.014461328538454143,0.32610047830325917,0.5795823224167502,0.23801581964557136,0.010267584135990934,0.30795087922465814,0.4767303438382337,0.196219648561894
251,0.009392486648222443,0.693024537922888,0.8842999955373658,0.21820502982178122,0.013921454665436456,0.3252605047508405,0.5692793023290617,0.22919087265189833,0.009832628004993165,0.3056198748249436,0.4672494917286898,0.18933238713148812
252,0.00908830720060443,0.6875685108326495,0.8726494360278488,0.2122168871758033,0.013372839316215515,0.3245866513551145,0.5589891795802326,0.22055108487298208,0.009459412382109879,0.30247835921676747,0.4579730243946387,0.1831433051855698
253,0.008819101889766864,0.6809351114518144,0.860533743091404,0.20648119167996484,0.012862748453800144,0.32365848788782053,0.5491200137612757,0.21202796801762014,0.00910975621974632,0.2994608116753335,0.44920779764250374,0.17716666782511836
254,0.00853232084239319,0.6750020371834444,0.8487604501327107,0.2005690747293761,0.012355669807195298,0.3231764770237432,0.5397497994302638,0.20388780643669935,0.00875517049424287,0.29707364177018797,0.4409919159277019,0.17096859173389498
255,0.0082596944226069,0.669071779518814,0.8372782289513383,0.19433412102619718,0.011863136705826232,0.32261144722345264,0.5305515241788388,0.19582420043890572,0.008424432498678613,0.29459309658391164,0.43307467004539424,0.16509720582820794
256,0.007986325419090673,0.6631476505807106,0.8257870139790934,0.1882281157566706,0.011366785523651118,0.3224337909799683,0.5216736981929202,0.18765369339899962,0.008059968548401662,0.292638450386347,0.42512893289751863,0.15859600418255326
257,0.007725068593085732,0.6572860106194527,0.8146049492122854,0.182463122750398,0.010895536507422037,0.3219119900002213,0.5128917246188797,0.17972896078483094,0.007686432983488986,0.290709485269457,0.4170597568191136,0.15193642735883436
258,0.007443897994085076,0.6518956820485351,0.8034886572191289,0.17566899265178498,0.010433386383639363,0.3214017246120532,0.5042807743370515,0.17192529063175457,0.007298693588478641,0.2890534319902287,0.40903000875125023,0.14487979005313043
259,0.007180411477285922,0.6462461522324362,0.7924732955457614,0.1698429019045976,0.01001724174236114,0.32037498644711604,0.49595974707490886,0.16506671079255833,0.006948051144728084,0.2869597075414912,0.4011723925103269,0.1383939865905892
260,0.006940716967046868,0.6402609109770644,0.7816067402304621,0.16472172808462687,0.009599272337420486,0.3200644026881522,0.4883228892972303,0.15830030537328404,0.0066203488975605206,0.2847058834730241,0.39353176964897413,0.13236538756618185
261,0.006676520165188577,0.6346590048505876,0.770624537483037,0.15931486930275082,0.009211545008095685,0.31940261193779623,0.48086491532006304,0.1521078014683521,0.006302599305520871,0.2826465132625823,0.3862492032791118,0.1264844695914254
262,0.006454008083207476,0.6289574106789646,0.7603915447691827,0.15484836641652477,0.00880734292169436,0.3189098557197474,0.4732872021436629,0.14584435563310202,0.006003021509070857,0.28062183002374663,0.3793000334789525,0.12093074126648973
263,0.006240279717537958,0.6229952676046293,0.7500768811664986,0.15035688761949884,0.00843156856804924,0.31840608617174176,0.4661967641661808,0.13970962051618477,0.0056990029959454735,0.2788681196643031,0.37254883966105307,0.11517105025455152
264,0.0060407266049342205,0.6170622299352273,0.7400799981746337,0.14640400495878428,0.00807253857635836,0.31783226930874936,0.45932977830810906,0.13390534633864634,0.005406802521412127,0.2770873989027079,0.36596490141437316,0.10950605237096439
265,0.00583218884691818,0.6113659431991461,0.7301368962352571,0.1419885618351101,0.007741073861851454,0.3168925020414253,0.4525800132339899,0.1284403247532687,0.0051068039910542404,0.27543966987381296,0.3593857697626179,0.10365280491139832
266,0.005636770371718401,0.6059544683655224,0.7207457768548686,0.13832696451516455,0.007410803381124705,0.31606939899374936,0.4459678452129089,0.12314495407915693,0.00483004823358872,0.2735630581596588,0.35295982220128835,0.09823450350900781
267,0.005466136435090327,0.5996184620007314,0.7109348563874027,0.13457681591686307,0.007114368818798416,0.3151420891907573,0.43984455501865244,0.11815886668880694,0.004567589051298429,0.2717371169909568,0.3468195535643949,0.09316312477030182
268,0.005313496306030458,0.5931597574146796,0.701367676737212,0.13141718986571574,0.006852902198567126,0.31357857614399676,0.43369798856195707,0.11381028075663763,0.004314245071900458,0.2698603969553236,0.3407783425794273,0.08827224680713454
269,0.0051568772433130605,0.5867606429956228,0.6917790573431238,0.1281725439637705,0.006591759017086667,0.3118923256278381,0.42743435395253815,0.10969387971386,0.00407216870652885,0.2680892926978072,0.33502796541780083,0.08370890907863048
270,0.005027897828939117,0.5796356761997736,0.6820274595568657,0.12488178910314239,0.006324937763730622,0.310693285121366,0.4215584026650464,0.1053177752743657,0.003848620061456898,0.26640978906694524,0.32967374920308207,0.07956419527837423
271,0.004869045759694443,0.5732086324875078,0.6723654362938402,0.12244647716282715,0.006051928275111561,0.3096153819682576,0.4156951197695704,0.10090778338473971,0.0036285678599867264,0.2647986179816239,0.32444534038595707,0.07538952883536082
272,0.004719037018040646,0.5669335402850261,0.6630354565221086,0.11966176527598724,0.00579904173266203,0.3086095314080582,0.4102566095846941,0.09665455156803067,0.0033802559209164503,0.26343178520952965,0.3189967337926451,0.07030246480899556
273,0.007220296496225571,0.5876697367887372,0.6540859413581847,0.1165894514153965,0.009104984448269383,0.34062205162378717,0.40498484901761533,0.09290544940428433,0.0066833309675252885,0.26864712263813,0.3139564787855425,0.06584266030802864
274,0.0074663157737324785,0.5940782747528199,0.6452410662433634,0.11359400280850894,0.010304048543386004,0.3446342190940026,0.3986501795349556,0.0889923430803659,0.007226814459597555,0.2742508975106228,0.30893898127326935,0.06260617549788187
275,0.007278487407514449,0.5868820455913945,0.6367577466576847,0.11127529306791772,0.009824433683937237,0.34085588865473787,0.3923576084876624,0.08531444810482725,0.0068546560724965615,0.2709299879817889,0.3038317437050342,0.059460900328832916
276,0.0071129381282874745,0.579726095579071,0.6284673732548719,0.10949702341701206,0.009417291137000737,0.33683539392327194,0.3862027880475634,0.08233208732158186,0.006501002988080458,0.26772614713754206,0.298930398672223,0.05651398856317476
277,0.0069074521887627915,0.5727332186995473,0.6200664077548366,0.10689092825760255,0.009063329892412939,0.3329483612486467,0.3804602170857514,0.0795687080163667,0.006153281431374988,0.26460440298052423,0.29413962114614456,0.053728611278465954
278,0.006765319583661051,0.5654655515139845,0.6118247795074592,0.1049331558350041,0.00867822194383674,0.3290999575105249,0.3745929975755375,0.07670837287935323,0.005798266436708136,0.26147914371269626,0.28931032063845274,0.050830158733023934
279,0.006603052280737933,0.5584107243254331,0.6036580186106665,0.10276691935046685,0.008318610129812007,0.32531922555543147,0.36892710587583805,0.07394509701768431,0.005441884620333644,0.2585697314391613,0.28469030649918625,0.04802301818743384
280,0.006436053359889135,0.5512408643320456,0.5953438015842436,0.10058676512674336,0.007943192685797452,0.3216175554069055,0.3632574195908053,0.07108725276633683,0.005133340103527199,0.2556251054050572,0.2802646934958825,0.04556769635974028
281,0.006296721691251226,0.5442590068569682,0.5874071764129445,0.09866682246063488,0.007609673290524249,0.3178133779671791,0.3577048642794574,0.06856750258651896,0.004825777541784021,0.2525866245436539,0.2757499389645731,0.04298420483138032
282,0.0061434086806060545,0.5373386149425944,0.5794362099134424,0.09665412611231418,0.007302410319419451,0.3140252038120674,0.3523059538761339,0.06622443204866205,0.004562123056188753,0.24962835648613432,0.2715261522014251,0.04084487788870884
283,0.005991300982873137,0.5304766118611939,0.5715318916314719,0.09476143426597726,0.007009354043934867,0.31030137975722105,0.34704586801924964,0.06394245001071389,0.004311536947914394,0.2464415311031831,0.2671365351926238,0.03871324529619703
284,0.00586715745210399,0.5236031547468311,0.5638077432562348,0.09302070042004656,0.006729658947422242,0.30656858497498773,0.341846853507447,0.061899382618930986,0.004067562716829871,0.24348839399138303,0.26301234289307795,0.03678942374685985
285,0.005728409389816236,0.5169101759403611,0.5561639959053216,0.09118977120565087,0.006479265079836995,0.3028750665594868,0.3368407184840959,0.05995924695326257,0.0038563812649402363,0.24062773890496494,0.25913803512009687,0.03512520283406652
286,0.0056292731609211425,0.5099001049659141,0.5484745957460625,0.08966216477613143,0.006242057836537329,0.2993204073572367,0.33204256969457996,0.05798688223594267,0.0036416957473477834,0.23761997809466648,0.25509980241121727,0.03332135048732556
287,0.005493503167025118,0.5029167896506931,0.5405609190452688,0.08769382181711148,0.006007374051093692,0.29535294267012313,0.32684484390987134,0.0561262164198558,0.003467222519993055,0.23462454968354168,0.25126691761337383,0.031856911442018084
288,0.005370749289449033,0.49603779746358284,0.5328407581702258,0.08593935095493241,0.0057870184438732555,0.291682164466539,0.32201891589187764,0.05434096360399241,0.003300102417654404,0.23161385367579382,0.2474540595824062,0.03046990440787118
289,0.005268648265119735,0.4889793600389029,0.5250826753545609,0.08458495751679579,0.005568159162300304,0.28823494032282215,0.3174243859832662,0.052568229305156665,0.0031430664909639717,0.2286583767303329,0.2437448237838246,0.02922694311378612
290,0.00517268480550291,0.48197773879424094,0.5174234662682006,0.08303870923210431,0.005383211055362198,0.28458424381953745,0.31280415312871784,0.05099836273499807,0.002988915630751625,0.22572625604068233,0.24007279231038062,0.02800017979065003
291,0.005057770025057081,0.4750777431153557,0.5097360191702615,0.08155642238663363,0.005201878813827241,0.2806353679957852,0.30790469607039755,0.049491462446118635,0.0028289181518489867,0.2228395758100861,0.23641813803243408,0.02672001561053609
292,0.004966287341639638,0.46821907713655,0.5022504697862361,0.08012604312346887,0.00502733779607972,0.2769064887082111,0.30326083655245306,0.048092874024914134,0.0026940090505301224,0.21985575719478995,0.23278676741022603,0.025593598218994165
293,0.0048566458346855105,0.4614094071685134,0.494689483408741,0.07859048145796745,0.004839972947971047,0.2730251066306099,0.29839724906492504,0.046625872642514846,0.00256553911314262,0.21703281563729387,0.22934718127523407,0.02462622807652168
294,0.004787759094904742,0.45403312176149135,0.486841152884599,0.07736200406725155,0.0046759228548729406,0.26924989484918416,0.2937620526568925,0.0452555449894517,0.0024371929324665618,0.214135750162098,0.2258340652440433,0.023575725325134137
295,0.004708512743724595,0.4468026113740401,0.47906760833348694,0.07592703330449156,0.004557769368761854,0.2653735524408787,0.2892663251588465,0.044077556882755234,0.0023106098982143193,0.21134219160745904,0.22243291908360383,0.022658900358055886
296,0.004608477474630309,0.4398463069256847,0.4714258140438931,0.07451040016046233,0.004395986537746722,0.26141806152752267,0.2844627350771544,0.04267894950974212,0.00223400206240088,0.208407627292976,0.21913064378934838,0.022007502994454618
297,0.004483829127838065,0.4333080039679468,0.46403336058276906,0.07282077566134161,0.0042554796554261235,0.2577602801249851,0.28006838744386264,0.04143997030872826,0.002126519052395305,0.20561759061846907,0.21582469797188808,0.021239819150632222
298,0.004402068676228573,0.4268591007813992,0.4570241954056177,0.07167514930877615,0.004123692141968591,0.2541541604732661,0.2757714103021425,0.04043313911515933,0.002001838800030396,0.20284700684728266,0.21245565978323167,0.020310236434886584
299,0.004293862403829243,0.420353062236775,0.4497766753699195,0.07015282163224078,0.003987027182127398,0.250422327165822,0.2713231509187376,0.03929545569144905,0.0019169955556374437,0.19995855455617742,0.20915996726413236,0.019570788385164503
300,0.004223817305207016,0.4135868269917288,0.4425304573751011,0.06897897506634618,0.003887851835327207,0.24647699728806005,0.2668579232952576,0.03827567792037814,0.001836122963960176,0.19700742098865154,0.20582065225789825,0.018877269921863178
301,0.004122420236422212,0.4069149917641008,0.43516380059890686,0.06743086676296765,0.0037872443667122573,0.242554997594881,0.2624085183766578,0.03712609522462589,0.0012044672602634294,0.19545948441715147,0.20124082299266963,0.01480921766946547
302,0.0040386947145410615,0.4003259133616318,0.4280009945979465,0.06618884696647057,0.003663679296628221,0.23896756149350995,0.2581733285395159,0.036149697506173695,0.001134978125121397,0.19258745243062225,0.198035249173307,0.014197366308605415
303,0.003973917701682539,0.39369642458258564,0.4209276225299132,0.06475195387184357,0.0036069647607522804,0.2351978599068813,0.2541063175881843,0.03558607527026668,0.001068315648973255,0.1896963959745329,0.19482421860284402,0.01360796105963185
304,0.003901950194227294,0.40705114273722637,0.41376099178386855,0.0636201916006953,0.017399101487167307,0.23512202445003694,0.25015207025760683,0.0349399834720983,0.006587970906153189,0.1852392321944552,0.19167739416920604,0.013109365020281996
305,0.0036778211265201,0.40016451377131335,0.4066513778625896,0.06223607041375241,0.020164855922772052,0.2297864896844356,0.2452023880113365,0.03395564592912194,0.00602484485874476,0.18299031147603087,0.18837076322657054,0.01275122582415286
306,0.003601029968765564,0.3934033079949186,0.3997547294459387,0.0613289141120879,0.01971006769255552,0.22567384332676027,0.2407420590744183,0.03314082481870652,0.00582209795569029,0.17971169203843768,0.18491108187700583,0.012302176781989287
307,0.0035210651063237934,0.3862478905652525,0.39245827166197245,0.0598554510627434,0.01922751152515358,0.22146182926847796,0.23616113403347497,0.032407714888450935,0.0056897131333197145,0.176410565501366,0.1814917298642632,0.011949753615192495
308,0.0034444243398122783,0.37918554472762167,0.385260748441019,0.058332255867908835,0.018701651610047564,0.21733215335549597,0.2316294417105313,0.031571884592422994,0.005629554620497467,0.17307519140649544,0.17810263156848571,0.011737533472296632
309,0.0034029377146843677,0.37229971040740856,0.37830174087785784,0.057740051889478096,0.018171986258114052,0.21323351507347083,0.22712587778738283,0.030812255355407048,0.0053900945416465494,0.16990867619003594,0.17472226795747917,0.011379312950985028
310,0.003307773071698205,0.3657143051270685,0.37154848618774217,0.05690695878081617,0.017928887173242,0.20904088516943894,0.2227474002487284,0.030232367538558156,0.005192540516931012,0.16667427971231408,0.17131144703680018,0.010961664736167602
311,0.003204098300864725,0.35902455507227854,0.3646758767374146,0.05578774830541871,0.017771988282443685,0.2048871076186245,0.21847367453872987,0.02969476464477977,0.004919817839595578,0.16347535858745707,0.16786897255229918,0.010407082453414566
312,0.003099453091461946,0.3524908313115534,0.35795758194187116,0.054761114939235786,0.01642297328717532,0.20108847744987385,0.21364373137234768,0.028538032867481994,0.004714724294726793,0.16032363208859735,0.1645340884869982,0.010089960387183489
313,0.003016864028195876,0.3458285762242233,0.35114965798963355,0.05361722035805848,0.01598738239130106,0.19691618790613516,0.2091384354838754,0.027912330170711288,0.004594694862367224,0.15712073568118587,0.16122400051123995,0.0097961261040648
314,0.0029741768625118456,0.33910783324470045,0.34435362427880306,0.05272896896076974,0.015528078991578494,0.1928641482212212,0.20473526140264137,0.027125162927175362,0.004423550291763911,0.1539147386302305,0.15786516382273574,0.009472974834644316
315,0.0028841610696302513,0.33252064868920506,0.3376076717478124,0.051643133429047645,0.015370992082285297,0.18862718763316427,0.20037820891651062,0.026637029174570368,0.004392675439581144,0.15062518415388187,0.15454803674387718,0.00922032943290854
316,0.002811509025612816,0.3257251309037718,0.3306840118044868,0.05073834550962423,0.01484128457467517,0.18465167941058871,0.19599774282507706,0.02588489788355035,0.00424540713449256,0.14738742637871674,0.15117876188761034,0.0089024135296699
317,0.002738507011906635,0.31907097465813583,0.3239010961317306,0.04973519676793768,0.014400734046973684,0.18074765899204284,0.19175692445623008,0.02519514787943168,0.004206636908722392,0.14415211366666997,0.14790882565678348,0.008684139628349546
318,0.002697160788380914,0.31212175810347215,0.3168789539715325,0.048538956091274336,0.014224354769656016,0.17673796585102583,0.1876123905300116,0.024790493966582495,0.0039418128309019135,0.14104291110124884,0.14456312352888379,0.008264376697976103
319,0.002633001994760585,0.30521852914157055,0.3098625630694065,0.04731847734390928,0.01381209711000852,0.17278428354340236,0.18334353998166508,0.024209553612337235,0.0037776242193723756,0.13798123699170373,0.14135482175953423,0.008144762272955455
320,0.0025723268384313038,0.2984626950172287,0.30299971137153797,0.046509461940804186,0.013647486770006873,0.16893089959615332,0.1793643125235702,0.023723123618894504,0.003396837852324703,0.13479680208526723,0.1378303278601778,0.006966668301452875
321,0.0024991548681639595,0.2919711661809841,0.2963791233423402,0.045948404602623505,0.013148821889759339,0.164915879362779,0.17496806630363132,0.022843880096121323,0.00324536708926895,0.13164014626588874,0.13453840197968628,0.006396679059216397
322,0.0024372745890625306,0.28533758783775726,0.28963640185521033,0.04498037164751609,0.013057720599007408,0.16085388528746636,0.17083642589704517,0.022407622227194973,0.0031858219516595616,0.1284909560361267,0.13133603532009114,0.006262431106501228
323,0.0023886424255907843,0.27842086681847567,0.28263390444168507,0.04411128639385251,0.01286339850701062,0.15680152421569626,0.1666355068775086,0.02192147689928599,0.0030124363998066113,0.1254034690617493,0.12809370741323203,0.005988805830077281
324,0.0023321251416284165,0.2714704278235279,0.275583781441654,0.04289091834432667,0.012606477133994478,0.15287056425759424,0.16250813223736799,0.021363157859494924,0.002761083053584343,0.12223490797853795,0.12470067672401539,0.005264411458202821
325,0.002278583513268121,0.26436481999424266,0.2683837380064893,0.041047493251001606,0.012253227236068847,0.1490168069674796,0.15838431774817072,0.020789632665195897,0.002379155082869561,0.11902438029567179,0.12114907054588642,0.004136662525456616
326,0.002242472154339923,0.25697140717021344,0.260926632721772,0.03844161959927006,0.01189494209571677,0.14504521248602284,0.154138816658263,0.0201387768964078,0.002027080851006911,0.11594521298105301,0.11775548543934798,0.0035205022760305196
327,0.0021773845875092436,0.2503746330369154,0.2542150584974587,0.03761393146357136,0.011731485147415078,0.14096149344651843,0.14993013586820134,0.01968825728640476,0.0019210296907489195,0.11283519808818926,0.11455076219062857,0.003353444828342256
328,0.002118877242717281,0.24376993623541526,0.24750716766314657,0.03664839487403669,0.01142272720715074,0.1371181761271316,0.14585077515564734,0.019179406530078755,0.0017737082387604096,0.10971054293543776,0.1112945424942535,0.003110981820922899
329,0.0020923497081092525,0.23721681559843696,0.24090725831465698,0.03596448941094061,0.010928648501092538,0.13320741652532808,0.14156229566696488,0.018541136477605483,0.0015906514208356955,0.10660438609980429,0.10802490785968193,0.0027961161064110167
330,0.0020699568343278516,0.23055662769862886,0.23420757433175074,0.03507999285267427,0.010834327828284687,0.1289422929475825,0.13722506456176162,0.018066109511737483,0.0014445806111669404,0.10344632205040964,0.10473639614532472,0.002479635462735841
331,0.002008466504897002,0.22389871032925726,0.22744120160356102,0.034246344707331886,0.010589064923173798,0.12486502827704714,0.13296029803041312,0.01765343517613179,0.0012728349696616878,0.10034217767505618,0.10147887534964015,0.002250318233257458
332,0.0019160481623729838,0.21725120708430823,0.22063069281623482,0.03315550318400559,0.010193714560976253,0.12095181202590306,0.12874483905507195,0.01711431331672532,0.0010887856132495782,0.09723881569314129,0.09821114918821347,0.001920405688724059
333,0.001842496531716512,0.2106968255628287,0.2139465824647369,0.032178941777130224,0.009599802332315933,0.11709748896079218,0.12443647403859799,0.016455754652395935,0.0007927712329775326,0.09417098678771187,0.09487896640681534,0.0014835259074158964
334,0.001754274745184752,0.20415035435202894,0.20724450750937382,0.03137476210765827,0.009123354842317402,0.11322091153133257,0.12019565566975085,0.015789576619742573,0.0006352311229164612,0.09105211482463516,0.0916194041884986,0.0011534770383067401
335,0.0015541747278203194,0.19790542805200012,0.20052737588962022,0.030630799423369107,0.0011026253189900723,0.1145399672731141,0.11623785326417953,0.015487119593113467,0.00018469235629883034,0.0881660900472606,0.0883138528057813,0.0007699886708206026
336,0.0014732274917891109,0.19141876617870343,0.1937839982710128,0.02956936950069481,0.0010542964771922776,0.11043517543858246,0.11201775411672535,0.014948425506683367,0.0001864272354464561,0.08516184815897122,0.0853083719873007,0.0006924108492205354
337,0.0014017797394332047,0.18466027227089724,0.18691079667702956,0.028100393156624843,0.0010410856051150323,0.10655315233324417,0.10811590049414509,0.014239636750389672,0.00018270822309588987,0.08222139858867306,0.08236499943246167,0.00066239437236683
338,0.0013225726675309966,0.17788860951583035,0.18001196883072926,0.026511139869710324,0.0010847004990169377,0.10266091009222378,0.10428912750454668,0.01382200511260594,0.0001796901684192252,0.07928039031670724,0.07942161909868697,0.0006381715201712111
339,0.0012765649608212977,0.1712628152379606,0.17331231026169613,0.02547735628705911,0.0010505798975467943,0.0990880724127402,0.10066507222399908,0.013178717693979151,0.000177425251585744,0.07633867617458759,0.07647812482887036,0.0006106037176112912
340,0.0012175161515463181,0.16483799899318483,0.1667926925422749,0.024400989534375975,0.0009527266148812248,0.09532822759052723,0.09675834223041074,0.012501356748699068,0.00015189424309809045,0.07340937201478265,0.07352875438907278,0.0005693064804327073
341,0.0011535858438917086,0.15859733725631273,0.1604493921999066,0.02347300235525546,0.000995308324723475,0.09162376716773146,0.09311780017169287,0.012115111455333682,0.00015185787145571483,0.0704770269162109,0.07059638070394676,0.000561687897942256
342,0.0011112576034374509,0.15197541892352487,0.15375951687249886,0.02225776361245704,0.0008956091927307758,0.08791789500042162,0.0892622720736896,0.011562620294498607,0.0001447496874761894,0.06754445225375029,0.06765821931309501,0.0005390752242472183
343,0.001045928920975987,0.1454805206935521,0.147159734979163,0.021190436859772444,0.0008613426777427855,0.08429620302721545,0.0855891434722034,0.011022178335052665,0.0001419266306357387,0.0646112282886345,0.0647227765461241,0.0005201184302394483
344,0.0010063758000736103,0.13893248591385415,0.1405481985940234,0.019824181088109065,0.0008300439928358092,0.08044078927670431,0.08168674803062223,0.010455428266648513,0.00014128477037414453,0.06168041946128752,0.06179146324408189,0.0005085424993957376
345,0.0009390881600441379,0.13277226782046028,0.1342799517769596,0.01878460670559057,0.0008689684682546105,0.07654018456808104,0.0778445719008554,0.00992897334416717,0.00012071798732846408,0.05875214931248837,0.05884702848402806,0.00047077114780457715
346,0.0008905572923597569,0.12600319171969215,0.12743296050942018,0.017664737770649475,0.0008465447701666186,0.07273159070083338,0.07400231836837418,0.009476043487843987,0.00010965334137409544,0.055821881997879075,0.055908064831244476,0.00044848801076893623
347,0.0007833738837302643,0.1196396654129796,0.12089735376077557,0.016647262969341735,0.000787953093338101,0.06897976458949981,0.07016254172275413,0.008865087041207663,0.00010114497440072862,0.05288819537163748,0.05296769099270373,0.0004258376995265054
348,0.0007208857281902052,0.11327980050016011,0.11443716558376485,0.016210541941954162,0.0007352812354572496,0.06525837296152859,0.06636208565605653,0.008303531292563254,9.457464496793677e-05,0.04995130798643826,0.05002563960976797,0.0003927973905941965
349,0.0007307173056862032,0.10654347691462952,0.10771662636469576,0.01515323886280085,0.0006582764715396444,0.06141545052135366,0.06240357324652502,0.00763854290862851,8.955405839828194e-05,0.04701228385200205,0.04708266950915957,0.0003673718937111328
350,0.000658690442589866,0.09988761466284177,0.10094512667805608,0.013995536104780574,0.0005895930140058371,0.057449583498044264,0.05833460716352452,0.006985140603312834,8.683859349280333e-05,0.04407483453334016,0.044143085951298705,0.00034553612176735517
351,0.0006145728064960016,0.09320454003651268,0.09419122222448875,0.013117186416395366,0.0005278930673675418,0.05362780691787041,0.054420214301209274,0.006463673838878588,8.194047002301879e-05,0.04114218317872213,0.041206584881263816,0.00032921652401434213
352,0.000546690847121263,0.08670008829986307,0.08757778759843692,0.0118467405213446,0.0005582385810711406,0.04975610224091816,0.050594060533326254,0.0061967623884332385,7.990229809081921e-05,0.03820527359248514,0.038268073379118,0.00030807805462585905
353,0.000485160107663211,0.080310066645822,0.08108897978920879,0.011100038201794395,0.0005578728535663345,0.04588513946700852,0.046722548774796424,0.005847975758218382,7.523239149338094e-05,0.03527063557720328,0.035329765017113685,0.0002863023951028165
354,0.0004781960122650881,0.07363159103759956,0.07439932348959868,0.010149587988296238,0.0005476586142892085,0.04213546618848695,0.04295754315130062,0.005601747077642716,6.697766890849904e-05,0.032337763987454186,0.032390405568699314,0.00026445756058962415
355,0.00042988310577668547,0.06716975304232713,0.06785992025912936,0.009426909443689025,0.00044007069695967566,0.03824301382566767,0.03890359319489651,0.004845965236437557,5.710147940252857e-05,0.02940067087754317,0.029445550196518743,0.00024283016091063684
356,0.00037271575983014956,0.06055559650594802,0.06115398289323243,0.008456513839175088,0.000512770435457687,0.03410609818583476,0.034875805355964434,0.004501324705468583,5.273074779627927e-05,0.026460686455443666,0.02650213056643573,0.00021682404249650727
357,0.0003165118142332233,0.053701444990663615,0.05420959726503528,0.007437013162690843,0.0004857982815961513,0.030332583885159546,0.031061803814244355,0.004029875010567226,4.511551076429416e-05,0.02352764776629781,0.02356310662690041,0.00020305694003781307
358,0.000312398375522813,0.04718083833670716,0.04768238658196462,0.006242089383266733,0.00041051582163699604,0.02662005399996418,0.027236269268076593,0.0035176280405856794,3.8274309389611546e-05,0.020586763686885688,0.020616845655998212,0.00017338717629835203
359,0.0002444307511346147,0.040538901667075175,0.04093132948976587,0.005404813540840408,0.0003620891083122401,0.022890896840378646,0.02343441995251953,0.00315167014513128,3.390257205132591e-05,0.017649074883557665,0.017675720854224346,0.00015534400650405784
360,0.00019840941487323936,0.033698920085095674,0.034017461734698336,0.004683879685865124,0.00036547062485400584,0.01891763317969856,0.0194662322036864,0.0028123200835960633,2.6510568432739723e-05,0.014714233000206984,0.014735069172393164,0.0001372516653404608
361,8.48702768544865e-05,0.027108901712530994,0.02724515894613424,0.0041238883370249635,0.00022465839272483687,0.015113289964845282,0.015450519188202849,0.002113263169223335,1.9792733965372633e-05,0.011766951994133069,0.011782508235938446,0.00010717007533402162
362,0.00012386160819778048,0.020060374146543283,0.020259231045662556,0.0030153240652219912,0.00012722351439136637,0.011359938135840101,0.011550910244340719,0.0015925631156630884,1.7931117965842723e-05,0.008820269557451531,0.008834362648754908,8.410068466064644e-05
363,1.290438024788943e-05,0.01337195561585576,0.013392673294872603,0.002218644770936017,6.80112859239887e-05,0.007536517176001294,0.00763860725531468,0.0011228455120072377,1.3620580672536522e-05,0.005880584310197833,0.005891289503671475,5.919079747037402e-05
364,-4.4178072128094854e-05,0.006698379260966833,0.006627452405096921,0.001235588738142025,5.139353841537685e-05,0.003641882826518714,0.0037190284111336745,0.0005182577223731375,7.715978155141759e-06,0.002939637415444246,0.002945701844044984,2.9471827518641372e-05
