,C,D,BN,AN,W
01-01,13.099834688683679,58.87041312400272,25.159090866722998,78.5893287932754,175.91801623267966
01-02,11.24429750172576,55.74818172430188,71.37718996244544,98.63419487522232,212.01718972560766
01-03,11.0628098987256,54.457685858706476,114.45247914610502,102.2671601583606,206.5507434538214
01-04,12.09223138459536,51.77280983016996,6.08380164264744,104.71830726167089,211.05983435531903
01-05,12.433884276581999,52.66264453941528,-23.575041282613686,89.95160315430661,197.223140163744
01-06,16.76925617010768,68.83884285928201,89.05834695746374,67.37531228323418,141.44264438990976
01-07,31.462313996604237,70.90512384753791,65.90628088074938,55.78480651762863,143.53785099795167
01-08,23.29983467150688,58.53107428159896,59.83214865957324,47.27198669725348,133.11008242047072
01-09,24.23008260382464,53.06545445609231,57.53330568823789,46.84643959053208,140.48264439152638
01-10,24.198842934455758,49.35570239622383,62.291900721546725,47.81725611782284,164.33586749185343
01-11,25.350247891194478,42.923801580608874,60.703388327527556,47.86774206815105,197.9140492534896
01-12,25.50842970910992,36.9619834088304,59.399999899970396,54.7764098251119,227.0241318490963
01-13,26.10793384033176,34.25603300016408,60.67016518708765,49.58524289170506,208.84495832599103
01-14,23.55471070413552,32.02909085515392,60.39173543549039,56.542175111394535,186.40793357038652
01-15,24.31586772764712,28.50396689414808,56.39826436783525,58.810842876169154,172.3008261561264
01-16,19.178181785885762,25.27785119710152,61.06338832692133,59.80061257147207,153.66809891477664
01-17,17.0355371613948,21.97983467372976,71.46842963171328,69.73054754097596,129.99999978108
01-18,13.597685927514718,20.21999996594952,73.5012395456454,80.10676350146385,126.10181796946272
01-19,10.91008262625552,20.39950409787864,77.65760317500973,74.89113375818084,124.2115700387616
01-20,11.181818162988,20.5561983124908,84.47008250238048,64.73269410586617,122.64264442156895
01-21,10.354710726364319,18.855371869074,87.78966927364979,58.95177510733678,128.48396672578176
01-22,12.42942146667216,15.172561957920479,94.22033041984537,51.30044288881666,134.87338820262528
01-23,13.241487581007119,19.84016525584536,100.65892545032509,48.981342066275744,143.18148736218816
01-24,13.91123964599496,20.3132231062884,113.51603286669022,49.710175122899635,150.57652867204897
01-25,15.5429751804372,21.64760326933056,113.48553699897299,55.53123957590688,139.43404935196992
01-26,21.812727235994636,21.21123963370176,111.61747915087913,66.02578501277951,136.9388427446016
01-27,27.48446276363352,21.81223136822688,109.57016510474003,70.94876021110079,129.36066093918143
01-28,30.03123961884888,21.378842939204638,107.46148742234065,69.49487591602848,110.14743783104063
01-29,35.4322313452908,23.5239669025344,105.0787188313119,65.94776848398527,100.4694213184128
01-30,37.220950350543056,22.14099169825176,109.40528907195984,60.58049576575104,100.90710726808895
01-31,33.73462804236444,22.06760326862328,108.24471056151756,60.374875931386555,88.8885948916339
02-01,31.89210738431022,19.52528922331776,104.64657007170906,57.40363626696865,95.1801651289728
02-02,29.462975156995917,18.95008261271616,97.7764461163362,54.8330577589008,86.66975192016383
02-03,25.46132227117272,19.03735533984192,100.52603288856541,46.893223061527685,86.43834696187584
02-04,28.14595036582536,18.71603302633344,112.42661138092153,49.83735528797471,89.81950398097536
02-05,26.806115657337838,17.46049583836512,106.20223122611411,44.566611495197755,97.57090892659967
02-06,27.50280987104064,17.42628096238968,112.8530576611951,44.49983463580608,108.65652874264224
02-07,29.322644578719842,18.31289253114456,118.48214856080665,44.930247858221755,115.31041302895774
02-08,31.63735531862352,19.34479335585312,121.06561963083621,47.068429672802885,132.68033035507872
02-09,35.55421481615976,19.22132228168088,112.55033038897763,42.672727200866404,149.85983445837982
02-10,48.564793306646635,21.231570212179918,125.27280970639596,40.19702472569664,162.4138840240157
02-11,52.07999991229728,25.12413218909592,131.14512374609376,41.3917354674864,211.1213219585213
02-12,51.23404950049871,31.235206558970162,122.85966921459193,45.256859427919686,201.92396660210878
02-13,52.29272718466632,38.40942142292184,108.1561981649724,54.81123957711935,172.81520632054944
02-14,46.839173474841836,40.11471067624848,95.68611554134394,58.98115692546912,161.256198075552
02-15,40.25900819666664,37.2495867141312,92.34322298498988,88.47801637992863,141.99140471956414
02-16,35.23735531256112,33.67041316643952,93.1584295951873,121.14909070507584,110.23669402923743
02-17,30.82413217949712,31.579834657563357,90.04652877398148,125.29520640057312,104.86809899695584
02-18,26.70049582280496,39.04512390119016,94.66024777447646,128.69950391550142,106.3834708952304
02-19,24.68578508239608,38.535371835932885,104.75107420376449,122.24661136438465,111.94314030735552
02-20,25.02595037107944,42.52214868872328,106.6894213079383,101.78776842363071,126.98578491012286
02-21,25.484132188489678,43.250578439562716,118.40578492457159,89.21983456049759,162.5553716270832
02-22,26.83239664902912,39.366942082466394,125.81987582117718,87.38842960490399,190.41057819174526
02-23,31.257024740751596,40.375537122090236,120.21471054136009,88.08859489298112,178.9824790374365
02-24,33.92280986022936,42.678842903335436,122.80140475188013,96.67834694463168,158.25917328721056
02-25,38.75652886035384,45.122479262856714,109.41173535294072,107.34611552170848,155.5173551100096
02-26,43.1999999272512,47.04433876375254,111.31710725055854,103.6165287511296,141.5133881914435
02-27,46.9016528135796,50.1111569404062,102.57793371155628,101.11140478840609,120.9454543417824
02-28,45.93148752595716,48.0675619025253,107.70396676077529,106.75239651444383,120.91768574678785
02-29,66.16264451668128,,79.02214862725727,253.00363593757822,
03-01,45.721487526310796,42.23504125119024,102.76636346330508,114.52826426994432,119.56033037717278
03-02,42.89652885338208,38.34247927427424,98.7632229741786,118.16727252827904,122.06743781096736
03-03,42.00049579703976,38.08561977057455,92.17636348113864,115.43999980559904,148.18446256037473
03-04,41.07966935230944,40.39289249396184,89.77363621245753,106.80661139038561,145.4347104988896
03-05,37.71768588689664,44.6999999247252,85.44570233544827,101.34082627562304,138.3067766265955
03-06,40.6338842290932,42.941156952480476,79.57264449409884,96.93950396898526,139.40099150078592
03-07,46.27611562455036,44.887933808706244,79.27636350286224,96.91636347315648,155.3712394077763
03-08,46.226776781658245,42.172066044684726,75.7611568972116,96.63867752321089,156.90710717378496
03-09,44.79074372622528,36.009421426963435,71.48206599532668,97.08628082824224,139.1497518317875
03-10,43.84809909971352,35.54925613848216,68.56016517380087,98.31471057823968,113.29785104887583
03-11,38.00082638228759,34.07999994260928,61.131818078872186,97.23900810071233,97.8809915707056
03-12,32.45355366435648,30.837024741458876,66.28066104540817,92.55404943091584,79.8247932540048
03-13,31.871900772773998,29.38909085959968,65.47487592279815,83.61256184266752,73.51272714893183
03-14,29.479586727215878,28.02198342388536,71.4708469870811,79.53983457679871,66.81785112714816
03-15,26.50363631900424,21.63520657513656,78.96607424718643,73.08297508353984,115.94446261466688
03-16,21.369917319384957,19.63289252892168,81.30700399531041,71.3051238468643,114.3206609645088
03-17,18.684793356964555,19.121652860361117,84.19438002350593,64.72264451910625,124.98049565730143
03-18,16.551074352293277,18.33669418399704,83.23983457056791,64.950413113764,125.8776857384352
03-19,14.80462807424256,19.98396690849576,74.33342962688863,61.07900816160575,136.5884295220512
03-20,13.811900803187038,20.14115699087568,67.71991724133156,62.13487592842272,136.2737187787795
03-21,12.62033055725976,18.926776827631443,63.925537082432044,61.639669317686405,146.512396447488
03-22,11.67669419521248,19.450413190386,59.10198337154664,62.34512386195296,152.19239643792287
03-23,11.732231385201601,19.8917355036924,61.570661053339805,61.605950309478715,158.71272700545504
03-24,11.283471055378799,20.974214840712477,63.59900815736208,68.88661145424288,162.66644600706147
03-25,11.4322313857068,22.0239669050604,65.74619823639082,68.89652880959808,166.35966914133792
03-26,10.90611568411344,23.699999960089198,72.83619822445128,70.58578500510048,163.7712393936307
03-27,12.35999997918576,23.58371896854948,75.15223127840233,69.8214874857264,190.47471042304224
03-28,11.482066096366681,19.49950409939424,75.69743788905444,69.58082632910687,192.9685947163632
03-29,10.86347105608608,17.197190053684558,69.4933883127252,69.89355360130752,196.88991702380926
03-30,13.48462807646544,15.77752063458768,68.53165277715468,65.37322303040736,182.93487572499552
03-31,14.2710743561328,15.017355346611602,63.801508157021054,59.34611560254047,172.49685921364753
04-01,14.819999975043118,13.538181795383519,60.44764452630534,57.618512299664644,165.78975178692573
04-02,18.20132228339856,17.677190052876238,56.58973130966157,52.78876024168223,162.62413195754593
04-03,21.152727237106077,17.44388426814516,51.319338756553435,49.84595032928255,148.2849584279741
04-04,15.592066089445439,16.23371898092688,52.829751977150394,47.50809909355007,162.01487576022478
04-05,11.50214874096096,17.67818178841176,50.47909082408412,44.089917281124485,186.8753715861283
04-06,12.18297518609544,12.64661154895104,51.437107351396435,44.042975132443196,203.14578478186942
04-07,11.713884277794481,12.64512394564776,54.06892552878264,45.43603298133696,189.83669389519105
04-08,14.6355371654364,12.29305783053816,52.64826437415023,43.252231332121916,186.0753715874755
04-09,16.4057850963396,13.79239667098848,55.68570238556411,41.94611563184208,171.99537161118621
04-10,15.38297518070664,11.4537189889764,61.03239659143632,41.73289249170528,161.0241319602403
04-11,13.557355349070239,12.19735535136048,60.45545444364757,42.8198346386352,153.67735511310818
04-12,11.21702477449896,12.42842973113664,54.55818172630585,42.3272726559936,158.3993385762307
04-13,7.78710742490304,11.51355369961944,55.14115693193567,42.87206604350592,168.06743773350334
04-14,7.56049585503672,9.66148758703584,58.375289157894365,42.54347100273696,164.7636360861744
04-15,7.056198335224799,11.39355369982152,56.68438006983276,41.43382913132736,169.33619806194528
04-16,6.877685938831201,11.082644609436,52.31355363091223,43.34236907301696,186.59173522296956
04-17,6.394214865265199,9.56429750455488,48.545950331471765,44.89785116406144,180.7629749022067
04-18,6.042148750155599,8.47388428325064,48.40735529038284,47.285289176569925,140.34644604464833
04-19,3.4041322256724005,8.4471074237916,45.07090901500968,47.71041314279616,154.74115676420925
04-20,2.2532231367014397,5.433718999114079,43.45561976153148,41.91999992940672,158.28429725411038
04-21,5.63157023845032,4.120661150085599,43.86272719886244,41.080330509333116,153.77917329475486
04-22,6.289586766267839,2.1842975169827996,42.8210743080546,42.46578505245456,144.32132207101247
04-23,6.96743800479576,3.34066115139912,40.503305716916394,37.35272720982528,138.47471051061027
04-24,5.916694204912321,3.1978512342842396,35.932066055192884,35.35669415533536,135.9761981181235
04-25,3.57495867166572,0.2880991730685605,37.47570241622976,34.84495861900704,125.96429730853727
04-26,6.899999988380401,-0.8821487588450397,35.77041316290312,37.49223134182176,123.64826425458625
04-27,5.10148759471488,-0.81619834573296,35.88173547676524,34.213553661392645,123.58347086626559
04-28,5.529421478291761,-2.3047933845484803,33.828966885180776,37.56231398633184,118.87801632873504
04-29,2.83586776381944,-3.69520660534752,32.57876027571588,39.079338777165596,114.36760311319007
04-30,2.9717355321856793,-6.72247932752232,29.743636313548077,39.58611563581632,114.47471055102623
05-01,-1.7732231375097602,-8.34991734131064,26.39950408777464,42.44694207727968,111.25421468868096
05-02,-4.3239669348672,-4.066115695632,26.112644584125476,43.478347034220484,112.04429733197856
05-03,-6.7884297406344,-6.83404957526832,31.6010330046351,41.53785116971968,106.09454527588224
05-04,-6.6842975094048,-2.81801652418008,26.098016484976558,32.033057797296,107.58214857916222
05-05,-6.6966942035988,-3.11999999474592,26.57553714532944,35.104793329313274,102.63272709989376
05-06,-6.7507437902846394,-0.010909090890719675,25.259999957462163,33.552727216224476,98.54148743736192
05-07,-7.014049574965201,2.4892561941552005,22.51512392902667,31.849256144712964,98.14743785124864
05-08,-9.04115700956808,3.7621487539951195,20.09340717878479,31.946446227193917,96.44760314336736
05-09,-9.80429750415072,0.04214876025960024,18.23549208048602,38.17983464644896,88.75504117285055
05-10,-12.421983450155759,-1.8669421456164,16.147494337946615,41.25421480656096,86.36231390415264
05-11,-11.91768593034384,-3.3094214820302406,19.92362881693697,42.719999928059515,84.49322299820928
05-12,-10.767768576908399,-4.667603297924879,21.537614539237797,50.61752057591712,78.18710730634943
05-13,-15.48892559375136,-6.63049585660284,18.18102175751238,49.8247933045248,71.06975194643424
05-14,-11.94148758319632,-6.111570237642,13.879924845146114,23.28528921698592,63.952396586519036
05-15,-10.68446279192472,-5.96677684945608,10.292546939842405,15.3487603047312,64.04165278471584
05-16,-11.672479319186518,-8.928099158518801,8.19190456922512,38.18115696049632,66.59702468123903
05-17,-13.75487600989464,-11.463223121191799,5.768948149563825,35.49818175840288,63.432066008882884
05-18,-10.887272708938559,-11.44016526999096,7.766481232947945,11.233718989346878,64.46743790796576
05-19,-12.60099171431712,-10.8446280809112,8.703849028861185,24.317355330950402,64.42181807333183
05-20,-12.46909088809296,-12.2157024587676,5.15286972489478,-1.4294214851961584,61.9074379122768
05-21,-10.936859485714558,-6.242975196098399,6.3142457848935996,3.831404952225602,58.88991725620127
05-22,-11.72181816207864,-3.9262809851236797,5.958762343314576,5.751404948992319,65.10214865069857
05-23,-11.0727272540808,-1.9596694181875198,7.385551626006937,14.86677683446848,67.73223129089759
05-24,-12.38280989650272,-1.68644627815176,8.165481405656363,51.38314040933856,64.92429741132864
05-25,-11.210082625750319,-4.0671074311675195,8.796898788861684,-2.2135537152806397,63.50942138065344
05-26,-12.869256176675279,-4.5545454468756,10.176208732791023,-4.595041314576,61.86975196192703
05-27,-14.82694212379176,-7.01355370719744,7.494113724882081,-0.26578512351935996,59.33024783397216
05-28,-14.29140493461096,-9.11206610035776,7.751770778138292,-2.0561983436448004,57.032066019660476
05-29,-12.04611568219368,-11.299586757831,9.616039398936914,4.7454545374632,62.217520556382716
05-30,-10.82677684127184,-10.04578510704984,8.938016513873999,8.630082630095039,56.27504122754687
05-31,-10.95719006419272,-8.709917340704399,8.1092975070051,12.6148760118144,54.76099164331968
06-01,-13.86297518326632,-8.61471072929448,12.353801632088757,23.21719004354688,52.1619833832336
06-02,-15.635206585240558,-8.4024793246932,17.43173550783504,0.3094214870822398,49.68462801550464
06-03,-15.48247931277048,-8.259173539810561,18.09272724225912,-0.9857851223068804,46.85090901201216
06-04,-15.06148757794224,-8.842314034696319,14.291033033785139,-0.4720661149075198,44.77090901551488
06-05,-12.57669419369688,-9.860330561907599,11.554462790459642,15.86314046915424,46.756363557625924
06-06,-13.01305782932568,-12.52413221031432,10.87214874202188,18.346446250096317,51.416198260522556
06-07,-14.872066090657919,-15.22512394130304,8.828925604966798,15.27008261891328,51.74942140045727
06-08,-15.7214875768308,-14.42826443851272,8.912975191602122,2.26247933503296,51.06247925285376
06-09,-14.8115702229912,-13.685950390176,10.28107436285196,-0.06016528915487992,46.917024714380155
06-10,-16.9487603020368,-14.382148736111041,9.290826430635242,2.1864462773097597,43.49685943088352
06-11,-15.776528899052161,-12.756198325625999,6.844462798391282,1.2006611550028796,44.39471066904096
06-12,-18.15471071322912,-13.555041299487359,2.9514049537075215,0.89652892411008,38.80198340573184
06-13,-15.87619832037192,-15.93917352687744,5.00752065272436,1.9411570215244798,42.68297513473345
06-14,-15.02677683419904,-16.187107410757438,4.150661150035081,15.35933881711008,42.027768524266556
06-15,-15.2776859246856,-18.32429748980304,5.334545445562081,11.798347087569601,40.77752059248768
06-16,-18.737851208114883,-18.70809914204928,4.590495860038201,-7.1094214756310405,42.599008192726075
06-17,-20.339504097979678,-18.85983467898384,1.2322314028835994,-7.252231392745919,42.46677678799008
06-18,-20.014214842329118,-17.48231402014656,1.68892561699056,-7.89355370571552,38.67702472825632
06-19,-20.271074346028797,-15.0446280738384,0.5807851229888996,-10.499834693062079,35.91041316266736
06-20,-21.1090908735432,-21.31834707153792,0.41429751996348174,1.0631404940774403,34.321983413276165
06-21,-19.445454512708398,-21.199338807275517,-2.632809912921719,3.5947107377481604,35.12595035407104
06-22,-19.53322310760192,-20.44561980028032,-0.3047107432885192,-13.12264460600064,28.07471069652384
06-23,-20.879008229302563,-20.43173550278304,0.5970247923830398,-12.6479338629984,30.501156973429442
06-24,-24.849421445756878,-19.99735533822528,-1.9472727239935201,-1.90677685629312,24.4099173142656
06-25,-22.79404954839168,-20.75603302289808,-5.079669412933439,-8.37553717597824,27.935867721551038
06-26,-20.21256194943312,-21.26082641047776,-7.120413211149719,-11.31173551814112,27.69454540790784
06-27,-20.286942114597117,-22.6214875652112,-8.05140494511912,-6.47867767504032,27.913388382745918
06-28,-18.110082614130718,-20.35388426324472,-8.460991721288881,-3.8717355306700796,30.57917350222368
06-29,-18.663966910718642,-21.540991699262158,-7.376528913197759,-3.42280991159136,31.50148755025728
06-30,-17.10347104557792,-20.07619831329912,-5.20264461933792,-8.21289254815296,30.09520656088992
07-01,-18.550413191901598,-20.52495864312192,70.09037178279425,-12.735867747147841,28.3206611093328
07-02,-21.231074344412157,-19.9685950076952,-5.341322305054799,-11.88231402957696,30.69619829541504
07-03,-17.461983441668398,-19.830743768257918,-9.13425618296502,-16.188429724804802,25.320991692896637
07-04,-16.59223137701736,-21.3743801292948,-7.1037189963018,-16.542148732473596,25.12859499900576
07-05,-18.823636331937358,-22.16727268994304,-10.3836776684643,-9.355371885072001,23.506776819918723
07-06,-20.11338839588112,-22.525785086033515,-12.74727270580632,-7.8446280859632,18.682314018125755
07-07,-19.31950409969736,-18.28512393615,-11.23289254306728,-1.585454542784639,20.32595037899424
07-08,-17.0256198060396,-19.65322310739984,-9.272727257111999,4.304132224156799,15.12330575965632
07-09,-19.05223137287472,-18.873223108713358,-8.80636362153372,-18.58380162159744,10.94611568404608
07-10,-17.70297517679976,-21.67537186432512,-11.905413203091781,-17.705123937126718,12.037024773118082
07-11,-15.440330552510881,-20.52793384972848,-12.34809915275952,-18.2909090601072,9.82347105783744
07-12,-16.901156996331842,-23.136198308146078,-12.16388427703668,-15.00099171027552,7.179504120141121
07-13,-17.55223137540072,-20.09454542070624,-9.99694213192548,-19.127272695062402,3.9623140429142403
07-14,-20.17884294122544,-18.138842944660798,-10.32433882558902,-17.539834681206717,2.4264462769056
07-15,-19.04528922412608,-18.5999999686776,-10.407024775863,-17.62380162321408,2.6155371856780802
07-16,-18.508760299409758,-19.2148760007,-10.3623966767646,-16.76165286433536,4.522975198994881
07-17,-16.057190055604316,-18.04909087869624,-12.3632231196762,-16.91834707894752,4.50975205852128
07-18,-16.66760327771688,-20.09157021409968,-12.650330557209239,-11.718347087704322,3.6680991673766403
07-19,-17.13173550834024,-20.974710708480238,-12.62157022667916,-9.97487601626016,1.8690909059433602
07-20,-18.80231401792368,-20.108677652087398,-11.81355369911424,-10.812561965262722,0.73256198223744
07-21,-18.83950410050568,-17.95884294496392,-11.877024773387518,-15.41024790793344,-1.7256198318048
07-22,-20.418347073053518,-18.37487600211456,-9.02950411702572,-12.243966921529918,-0.26776859459040003
07-23,-18.13190079591216,-17.241818152782958,-9.7797520496466,-13.23504130002624,-2.2697520622934397
07-24,-15.15818179265544,-17.08066112826096,-11.334049567690318,-14.984462784683517,-2.23999999622784
07-25,-13.975041298780079,-16.174710716563443,-12.465123945950879,-13.87173551383008,-1.7527272697756802
07-26,-15.483471048306,-19.877851206195118,-13.48995865496886,-9.21586775307552,0.9163636348204801
07-27,-17.13322311164352,-18.309917324538,-12.73586774714784,-13.559471051546018,0.36561983409504
07-28,-18.075867738155278,-16.183140468615356,-16.68892559173056,-13.245884275214593,0.17652892532256
07-29,-15.523140469726801,-18.28413220061448,-12.223140475284,-11.549157005344606,-2.23404958301472
07-30,-18.28165286177568,-17.39851236739512,-10.97714874184506,-9.135074364781824,-3.28661156471328
07-31,-13.67008262160768,-17.04644625228552,-14.05710741434436,-10.68727270927536,-3.24826445733984
08-01,-13.48710741530424,-16.448925592134717,-12.15942146712684,-13.535999977205377,-2.08991735185248
08-02,-18.13041319260888,-16.91553716159688,-12.78198344954952,-12.838280970115873,-0.012561983449919998
08-03,-17.4223140202476,-14.574545430001919,-11.11140493996608,-9.001388414593729,-1.41421487365152
08-04,-16.41223137732048,-13.72859501820336,-11.19842973320796,-13.227966919872863,-0.9606611554070401
08-05,-14.840826421289039,-14.44115700047448,-13.062148738333917,-12.971239647577919,-1.1206611551376
08-06,-15.09818179275648,-15.979338816066,-10.364380147835641,-11.261004431131829,-1.96495867437696
08-07,-12.0099173351472,-12.983801631027838,-10.328677668556919,-10.771265080399013,-1.9973553685372802
08-08,-11.831900806521361,-13.299173531323198,-10.225041305095079,-11.696401760341402,-4.20628098465216
08-09,-13.673553695982001,-14.25173551319016,-7.028677674114119,-11.91476158196987,-1.2284297499974401
08-10,-13.82231402631,-14.11636361259168,-10.290743784323281,-12.513286692214338,-3.4413223082543998
08-11,-13.372066093183921,-14.434214851725839,-9.001115687321459,-9.097927511697527,-5.04396693365472
08-12,-12.85834708578456,-12.17206609520472,-7.493801640273,-12.077940221237354,-4.7563636283539195
08-13,-12.160165268778481,-11.85669419490936,-9.37847105858682,-7.715143025787101,-1.6760330550288003
08-14,-9.642644611860959,-10.951735518747359,-9.055785108717,-8.66804830072405,-1.9689256165190399
08-15,-9.96545452867272,-12.401652871677602,-9.13413221602308,-7.051697381640518,-2.5428099130732797
08-16,-12.906942127025038,-12.69322311912048,-10.96760328731568,-3.118652251582265,0.7352066103321602
08-17,-13.8942148526352,-12.339173532939839,-8.91644626597644,-3.8665988491784127,-1.5656198320742398
08-18,-13.35768592791888,-10.48809915589176,-8.5115702336004,-8.54975205171792,-1.64033057575008
08-19,-13.882809893976718,-11.03008262605344,-7.174958665603319,-7.059682124157267,-0.22986225856608064
08-20,-13.36016526675768,-10.35719006520312,-7.26855370676802,-6.619529550200455,0.8222589517833584
08-21,-9.63570246311232,-8.3603305644336,-7.508181805538039,-8.185327386088762,-0.62280991630656
08-22,-8.53834709305944,-8.39801651478336,-7.7372727142431605,-6.138563244589551,1.6991735508576002
08-23,-9.02380163769648,-9.23851238113656,-7.43082643376748,2.7372917945003805,3.4737190024147195
08-24,-8.7719008116744,-8.626115687952959,-5.660543083738012,2.008518750590954,1.60066115432928
08-25,-10.90264460973912,-7.193057839126561,-4.25652891845184,-2.7728162699650336,0.15933884270688012
08-26,-7.04727271540512,-7.235206599386159,-0.835324673917989,-2.823572786090621,1.8016528895279997
08-27,-8.15355370527768,-4.69190081854512,-3.7953718944350396,-0.16259376959268992,1.9821487569926397
08-28,-6.94611569078208,-4.25355371184528,-6.097756778397257,-3.650375073318757,4.9599999916473605
08-29,-5.40148759420968,-4.17570247230696,-6.714899634500846,-1.1136935772726648,5.1537189995856
08-30,-6.8276032942874405,-5.40347106528072,-5.648642257311772,1.5181945301833475,5.970909080854081
08-31,-7.74694213571448,-6.2256198242268,-3.20528925080064,0.6552066104668798,4.100495860863359
09-01,-4.680495859886641,-3.6823140433857597,-0.6514285703315654,0.0,2.7173553673247994
09-02,-6.05355370881408,-5.31223139601288,-1.172514755994788,-2.8912396645526397,3.0882644576092795
09-03,-4.00314048912648,-4.533223132861919,-0.24425029474806875,2.00793388091616,4.39140495128256
09-04,-3.1631404905410396,-2.63702478894768,-0.7845336468488574,3.16495867235616,4.302809910109439
09-05,-3.4690909032489596,-1.15438016334528,-1.8725383675668343,4.999008256044479,6.03371899810368
09-06,-1.4752066090859999,-2.0256198312995997,-0.24630460407164545,9.094876017742079,6.66512395571808
09-07,-4.62991734757512,-3.29355371346192,-0.014876033032799971,8.23735535802912,7.386446268552959
09-08,-4.17223139793264,-2.9206611521063994,0.2717355367324799,4.65851238884928,3.80165288616
09-09,-5.54925618900216,-1.73553718716,1.0715938588802052,2.77553718540864,3.96826445612736
09-10,-4.5198347031324,-2.6836363591171204,-0.002927981104868265,5.12429751203184,5.5715702385513595
09-11,-1.83818181508632,-3.2702479283772,2.1509327000378056,6.1421487499872,7.523305772454719
09-12,-0.4343801645577601,-1.4851239644412,2.605714281326262,8.08661155663008,11.85388427755872
09-13,-1.1826446261076,-4.4479338768072,3.117733170664731,10.23933882573216,22.114380128048637
09-14,-3.8613223075471197,-0.9347107422276,5.952396684191039,7.35537188844,10.17256196634048
09-15,-1.8952066083787198,1.74396693921192,4.047839426477416,3.1623140442614397,9.8148760165296
09-16,-2.0236363602285596,3.88958677030944,2.8948760281828796,5.487603296543999,9.615867752401918
09-17,-0.14727272702471994,3.4685950354812,3.534262095583131,3.6442975145241596,8.8628099024304
09-18,-1.2887603284082396,2.0008264429116,3.528878388390308,5.9107437916992,8.89388428254336
09-19,-2.04247933540344,-1.25553718796832,4.195324668259748,4.6499173475414395,12.183801632375038
09-20,-3.60892561375728,-0.8380165275143999,5.058984643192594,7.91008263130752,17.0280991448784
09-21,-2.39057850837096,-1.82826445973112,6.257284523110902,7.85983469750784,16.228760303249278
09-22,-1.81834710437592,0.94264462651176,6.1847461525128695,5.20396693338528,8.77487601828096
09-23,-0.7611570235116001,0.85933884152808,5.746304594809645,5.12132230542528,9.68396692584096
09-24,-2.03603305442256,-0.5201652883802401,3.945218411301943,6.75438015391488,18.40396691115648
09-25,-0.49438016445672006,1.1033057832659998,1.705147576821566,4.51520660396664,5.4750413130940805
09-26,1.4573553694466401,1.4449586752526398,1.846186537623017,4.0479338774808005,11.693223120804477
09-27,0.3188429746696799,-2.94892561486872,2.0492798076470056,6.856033046305679,13.97818179464256
09-28,-0.63570247826832,-0.9699173537385599,4.0757496979770504,7.08165288063648,13.316363613938881
09-29,-0.7765289243121598,-2.6509090864449596,4.65421486819536,3.3752066058863996,6.37553717934624
09-30,-1.3309090886678399,-0.35636363576352,6.75231403821588,4.7669421407328,12.32677683874584
10-01,-0.3877685943883199,3.73438015900056,5.39123966034264,4.27173552999648,0.8185123953158397
10-02,2.20016528555112,3.8276032993394398,5.93272726273656,3.06181817666208,0.7398347094979201
10-03,1.9259504099798403,5.5561983377508,4.0933884228588,2.68826445828288,1.8095867738121603
10-04,0.9114049571428801,3.7487603242655996,4.70132230613256,3.4485950355148796,4.0793388361056
10-05,-1.28479338626616,1.68049586493864,3.68528924999232,5.42280990822336,4.83107437202976
10-06,-0.8558677671537601,3.8191735472875195,9.819917338835161,5.21851238790624,2.21752065742272
10-07,-2.2185123929582398,2.509289251972705,8.63727271272756,4.196694207808799,4.24661156309664
10-08,-2.6181818137728,1.6496528897839677,5.34582643727862,2.694214871496,1.1054545435929601
10-09,-2.70793387973736,3.2906776804089124,-8.79223139015256,1.20628098970416,3.73685949783936
10-10,-2.13917355011664,4.180958670645215,5.46099172634088,-0.62082644523552,0.22148760293280004
10-11,0.6694214864760002,5.50561982543928,4.582809909637919,-0.4595041314576,3.03603305273856
10-12,-0.3285123961409999,9.407603289942717,6.1663636259794785,3.6396694153583997,5.7487603208976
10-13,-0.32578512341832,1.56793388165712,7.494297508040761,3.01289255690976,0.06479338832063997
10-14,0.8960330563423198,-0.32702479283771985,10.19181816465516,-1.36727272497024,-0.1406060603692807
10-15,1.6705785095834398,0.3862809910850399,10.69165287455724,-0.33652892505312,2.6087052297667204
10-16,0.9639669405254399,-0.33173553663143995,9.624545438337721,-1.13256198156384,1.96958677354272
10-17,-0.04909090900823987,1.0636363618451996,8.56884296077668,-1.8909090877247998,6.31933883233344
10-18,0.2335537186149601,1.63338842700144,8.786033043055559,-0.36628099111872,10.91030301193008
10-19,-3.59603305179552,1.4161983447225601,4.322727265447801,2.70016528470912,13.69961430199872
10-20,-3.81966941505528,0.9639669405254399,5.38809916448016,1.4803305760195202,9.602314033416478
10-21,-5.20661156148,-0.9396694199051999,7.291983458794679,6.98776858327392,7.58699723240256
10-22,-4.09884296830416,-0.27471074333904005,5.0473140410871,9.05190081120288,2.105234156234401
10-23,-1.7990082614332799,1.50644627845488,5.6470041227218495,-2.14809916993632,0.5520661147728
10-24,-2.516528921382,3.5052892502954394,5.86566114714702,6.8495867653248,3.27206611019232
10-25,-3.15099173023092,3.3942148703171995,6.272747923320989,2.59239668984928,6.1073278134067195
10-26,-4.0284297452822395,2.19272726903472,4.1005785054913195,0.24727272685631974,10.137961415434559
10-27,0.15818181791543995,0.5047933875796802,5.536115693156519,8.025123953427839,8.26247932492896
10-28,-0.7155371888776798,0.87818181670296,5.408429742958321,6.1157024690399995,13.418181795585598
10-29,4.594214868296399,-0.24644628057672002,5.54342974273098,7.204628087040959,16.3867768319088
10-30,6.26628098118312,0.8811570233095201,4.64404957895628,4.510413215544959,13.590082621742399
10-31,8.188760316788638,3.09719007742896,5.564132222034959,7.60330577232,14.12495865389952
11-01,7.6085950285094395,3.8871074314706404,6.821900814958201,0.2069421484118402,14.64198344641728
11-02,5.7545454448548,5.09900825587608,5.771157015074761,6.5864462699001605,13.660826423276157
11-03,3.80677685309352,8.590909076442,5.58694213935192,4.5844628021971205,9.600661140857278
11-04,4.03041321635328,8.5933884152808,6.51966941050848,4.558677678273599,9.737520644759039
11-05,0.35305785064512,6.14280990701088,5.295123958025159,4.7900826365616,8.49454544024064
11-06,1.3561983448236,6.38231403883896,4.40157024052164,5.14578511530144,7.3494214752268805
11-07,4.3041322241568,4.120661150085599,3.8479338778175993,5.19867767719584,6.041652882387839
11-08,3.3446280935412003,3.49388429163696,2.92909090415832,9.29322312484608,8.83768593553056
11-09,-2.17636363269864,0.6609917344240799,3.9135123901038598,15.5074379904144,10.58644626316416
11-10,-1.69140495582936,1.56793388165712,5.52743800722072,15.99867765900864,8.55603304344288
11-11,-3.5300826386834396,0.5861157014923201,9.14280990195888,15.10942146215904,10.4595041146176
11-12,-0.5866115692600802,1.4538842950723199,9.3390495710499,21.7322313683616,10.522314031867198
11-13,1.7226446251982401,4.069586770006319,8.043966928602721,14.579173529167681,6.636033046676158
11-14,3.64363635750048,7.662148747427521,5.15628098305236,9.51206609968416,4.99702478497344
11-15,2.47785123549672,9.763140479426642,5.1892561896084,9.237685934856959,2.6704132186435197
11-16,1.3190082622415997,8.522479324491119,5.45157023875344,10.62677684160864,4.4826446205504
11-17,0.10066115685527999,6.79388428607976,8.146611556529042,9.40561981887168,2.4343801611897598
11-18,-0.9441322298150401,7.00809916175208,10.866446262692639,7.57421486327808,5.85719007278112
11-19,-0.5216528916835199,7.61851238386464,11.971487583145802,5.90148759336768,5.231074371356159
11-20,3.607438010454,8.37223139085984,12.680578491042601,6.6743801540496,5.35404957776064
11-21,4.15884296820312,10.41719006510208,11.341735518090601,8.4165289114464,10.60694213089824
11-22,5.86090908103932,12.04363634335488,10.055454528521159,5.53520660224896,13.893553695611521
11-23,5.8190082546636,7.17074378957736,8.77493800175193,6.23669420437344,18.813223108814398
11-24,8.009752052627281,6.2667768489508795,11.072355353254979,10.17719006550624,19.424132198694718
11-25,6.240495857259599,12.05801650861992,13.477954522757669,3.78446280354432,16.39537187321664
11-26,3.7016528863284,16.8570247650012,13.642231381985159,5.12991734673312,10.84363634537568
11-27,4.3785123893208,15.000495842507759,14.402479314589202,3.8446280926992,12.780165267734398
11-28,2.81950412748336,13.720661133919199,16.22429749333944,6.19636362592896,14.96595038802048
11-29,-0.19214876000700004,14.810578487455679,18.506280960570958,7.6337189954092795,12.381487582455359
11-30,1.7928099143362801,9.57421485991008,17.61049583811252,8.382809903238721,11.972231384797439
12-01,2.45801652478632,21.009421452223435,20.02661153652312,8.4644627956632,9.43537188493728
12-02,1.86644627784864,27.158181772447435,19.80198343772784,4.352396686885439,16.98975203750496
12-03,7.29322312821408,46.40181810367752,17.743016499046377,3.9702479271984004,16.68694212065952
12-04,8.768925605067839,50.49867760091064,17.747107408130397,4.71074379372,18.11834707692672
12-05,13.23024791160456,54.3818180902392,17.45876030117796,5.79570246957888,22.73851235840256
12-06,14.86760328074808,50.742148674880795,15.49041319705464,4.64661156242304,22.548099135582717
12-07,18.646611538847036,45.57818174142816,17.97942145732596,5.1206611484016,21.61256194707552
12-08,21.72198343449456,39.3446280329172,23.126280952790882,9.68793386798304,20.23933880889216
12-09,16.0190082374868,34.10628093430056,27.150991689814923,9.055867753344959,22.31669417729472
12-10,18.61834707608472,37.40553712709172,24.530454504145254,13.5801652663872,21.3652892202192
12-11,15.730413196650481,34.21685944651104,27.988016481793803,18.532892530774077,23.198016489860162
12-12,21.48198343489872,32.05685945014848,27.428925573644403,22.356363598715518,32.81586771333312
12-13,22.49057847452256,28.50818177017404,18.095950382749557,18.66644624955744,40.56727265895744
12-14,29.07917350474968,25.05966937928712,32.30528920179624,16.21355369170464,37.00628092941696
12-15,33.38628093551304,23.48330574557808,36.828347045419086,22.013884260449277,29.00958672800736
12-16,35.52495861786191,27.44677681328376,36.88789249986427,20.22347104032384,26.42380160839488
12-17,31.539669368374796,30.48446275858152,32.1417354830634,43.418842902089274,38.81123960406336
12-18,31.35471069100032,28.97305780244904,29.496942099087484,45.276694138630084,65.69123955879745
12-19,33.77504126543688,27.30198342509784,26.383140451438557,43.42545447232609,78.49190069426591
12-20,33.53528919972492,26.02413218758032,26.746115657438878,47.98214867952864,88.1216527441651
12-21,35.7966941545944,25.1553718584648,26.19942144348348,49.55570239588704,110.77024774734718
12-22,33.5900825880624,27.00942144211944,30.23603300693376,42.54743794487904,95.78446264861633
12-23,34.1727272151804,33.36793382810592,35.29016522982756,38.44429745592096,96.99239653087967
12-24,32.762479283670956,45.495867691979996,34.192313992006916,40.17917348605727,93.22181802483264
12-25,31.08049581542904,50.16495859320816,34.21909085146596,36.69685944233472,91.1768593505904
12-26,25.17966937908504,65.19223129517496,34.38991729745928,28.618181769988805,91.53983455659072
12-27,21.753718971631198,72.76909078654776,30.45719003135472,24.370909049868477,92.4661155467664
12-28,19.988429718405598,69.19016517273995,27.54557846600994,24.65917351219296,70.07471062579584
12-29,17.7595041023244,64.38793377586825,28.3549586299362,30.743140444096316,85.51074365765278
12-30,15.30595038744792,63.72099162823103,31.66090903759212,44.971900750713594,121.58082624153887
12-31,109.75834692260496,58.75884287625672,27.183718962487077,61.269421384425605,121.92198326575776
